record_id,customer_id,customer_archetype,customer_ltv,customer_failure_rate,customer_opted_out,subscription_id,subscription_paid_count,subscription_remaining_count,amount,failure_reason,attempt_count,hours_since_first_failure,interventions_count,is_weekend,action_taken,recovered,recovered_amount,recovery_time_hours,action_cost,friction,reward,provenance
rec_000001,9835,reliable,88687.83,0.04,False,sub_sim_9835,7,3,999.0,authentication_failed,1,0.0,0,0,PAYMENT_LINK,0,0.0,24.0,15.0,1.0,-115.0,SYNTHETIC_TRAINING_DATA
rec_000002,51026,reliable,21602.37,0.04,False,sub_sim_51026,8,6,2499.0,temporary_bank_failure,1,0.0,0,0,RETRY,0,0.0,1.0,5.0,0.2,-25.0,SYNTHETIC_TRAINING_DATA
rec_000003,67017,reliable,52461.66,0.04,False,sub_sim_67017,9,6,999.0,network_error,1,0.0,0,1,PAYMENT_LINK,1,999.0,24.0,15.0,1.0,884.0,SYNTHETIC_TRAINING_DATA
rec_000004,92527,reliable,81092.02,0.04,False,sub_sim_92527,8,7,24999.0,invalid_payment_method,1,0.0,0,0,SEND_REMINDER,0,0.0,12.0,10.0,1.2,-130.0,SYNTHETIC_TRAINING_DATA
rec_000005,50759,reliable,41805.58,0.04,False,sub_sim_50759,6,3,2499.0,temporary_bank_failure,1,0.0,0,0,RETRY,0,0.0,1.0,5.0,0.2,-25.0,SYNTHETIC_TRAINING_DATA
rec_000006,10639,occasional,28607.22,0.15,False,sub_sim_10639,1,2,999.0,temporary_bank_failure,1,0.0,0,1,RETRY,0,0.0,1.0,5.0,0.2,-25.0,SYNTHETIC_TRAINING_DATA
rec_000007,13870,reliable,61104.04,0.04,False,sub_sim_13870,7,10,999.0,network_error,1,0.0,0,0,STOP_RECOVERY,0,0.0,0.0,0.0,0.0,0.0,SYNTHETIC_TRAINING_DATA
rec_000008,5207,reliable,51356.02,0.04,False,sub_sim_5207,6,10,9999.0,temporary_bank_failure,1,0.0,0,0,RETRY,0,0.0,1.0,5.0,0.2,-25.0,SYNTHETIC_TRAINING_DATA
rec_000009,78351,occasional,31916.18,0.15,False,sub_sim_78351,9,9,2499.0,insufficient_funds,1,0.0,0,1,RETRY,0,0.0,1.0,5.0,0.2,-75.0,SYNTHETIC_TRAINING_DATA
rec_000010,39070,reliable,40392.53,0.04,False,sub_sim_39070,3,9,2499.0,temporary_bank_failure,1,0.0,0,0,RETRY,0,0.0,1.0,5.0,0.2,-25.0,SYNTHETIC_TRAINING_DATA
rec_000011,96511,reliable,61563.49,0.04,False,sub_sim_96511,1,5,24999.0,card_expired,1,0.0,0,0,PAYMENT_LINK,1,24999.0,24.0,15.0,1.0,24884.0,SYNTHETIC_TRAINING_DATA
rec_000012,75872,occasional,23245.09,0.15,False,sub_sim_75872,9,5,9999.0,insufficient_funds,1,0.0,0,0,PAYMENT_LINK,0,0.0,24.0,15.0,1.0,-115.0,SYNTHETIC_TRAINING_DATA
rec_000013,31736,reliable,26372.32,0.04,False,sub_sim_31736,6,8,59999.0,insufficient_funds,1,0.0,0,0,PAYMENT_LINK,1,59999.0,24.0,15.0,1.0,59884.0,SYNTHETIC_TRAINING_DATA
rec_000014,96395,occasional,18734.48,0.15,False,sub_sim_96395,3,7,24999.0,invalid_payment_method,1,0.0,0,0,REQUEST_ALTERNATE_METHOD,0,0.0,36.0,20.0,1.5,-170.0,SYNTHETIC_TRAINING_DATA
rec_000015,37339,reliable,98464.09,0.04,False,sub_sim_37339,7,2,9999.0,temporary_bank_failure,1,0.0,0,0,RETRY,0,0.0,1.0,5.0,0.2,-25.0,SYNTHETIC_TRAINING_DATA
rec_000016,7453,reliable,87298.69,0.04,False,sub_sim_7453,4,4,59999.0,temporary_bank_failure,1,0.0,0,0,RETRY,0,0.0,1.0,5.0,0.2,-25.0,SYNTHETIC_TRAINING_DATA
rec_000017,51498,occasional,19723.66,0.15,False,sub_sim_51498,2,7,9999.0,temporary_bank_failure,1,0.0,0,0,RETRY,1,9999.0,1.0,5.0,0.2,9974.0,SYNTHETIC_TRAINING_DATA
rec_000018,79106,occasional,14677.75,0.15,False,sub_sim_79106,4,5,24999.0,temporary_bank_failure,1,0.0,0,1,RETRY,0,0.0,1.0,5.0,0.2,-25.0,SYNTHETIC_TRAINING_DATA
rec_000019,18242,reliable,24377.67,0.04,False,sub_sim_18242,9,10,59999.0,insufficient_funds,1,0.0,0,0,PAYMENT_LINK,0,0.0,24.0,15.0,1.0,-115.0,SYNTHETIC_TRAINING_DATA
rec_000020,42868,occasional,36845.72,0.15,False,sub_sim_42868,7,3,24999.0,authentication_failed,1,0.0,0,0,PAYMENT_LINK,0,0.0,24.0,15.0,1.0,-115.0,SYNTHETIC_TRAINING_DATA
rec_000021,45316,occasional,41227.9,0.15,False,sub_sim_45316,3,3,2499.0,card_expired,1,0.0,0,0,WAIT,0,0.0,24.0,0.0,0.0,0.0,SYNTHETIC_TRAINING_DATA
rec_000022,46112,high_risk,8933.75,0.35,False,sub_sim_46112,5,4,9999.0,temporary_bank_failure,1,0.0,0,0,RETRY,0,0.0,1.0,5.0,0.2,-25.0,SYNTHETIC_TRAINING_DATA
rec_000023,51504,reliable,25256.87,0.04,False,sub_sim_51504,3,6,999.0,temporary_bank_failure,1,0.0,0,0,RETRY,0,0.0,1.0,5.0,0.2,-25.0,SYNTHETIC_TRAINING_DATA
rec_000024,18272,reliable,49988.69,0.04,False,sub_sim_18272,3,10,59999.0,insufficient_funds,1,0.0,0,1,PAYMENT_LINK,1,59999.0,24.0,15.0,1.0,59884.0,SYNTHETIC_TRAINING_DATA
rec_000025,94265,reliable,25834.78,0.04,False,sub_sim_94265,6,9,24999.0,invalid_payment_method,1,0.0,0,1,RETRY,0,0.0,1.0,5.0,0.2,-75.0,SYNTHETIC_TRAINING_DATA
rec_000026,78496,reliable,61118.8,0.04,False,sub_sim_78496,3,8,9999.0,insufficient_funds,1,0.0,0,0,PAYMENT_LINK,1,9999.0,24.0,15.0,1.0,9884.0,SYNTHETIC_TRAINING_DATA
rec_000027,49176,occasional,36940.89,0.15,False,sub_sim_49176,6,9,59999.0,insufficient_funds,1,0.0,0,1,REQUEST_ALTERNATE_METHOD,0,0.0,36.0,20.0,1.5,-170.0,SYNTHETIC_TRAINING_DATA
rec_000028,6263,reliable,89196.93,0.04,False,sub_sim_6263,7,9,4999.0,invalid_payment_method,1,0.0,0,0,RETRY,0,0.0,1.0,5.0,0.2,-75.0,SYNTHETIC_TRAINING_DATA
rec_000029,65018,occasional,22887.57,0.15,False,sub_sim_65018,9,9,999.0,insufficient_funds,1,0.0,0,1,PAYMENT_LINK,1,999.0,24.0,15.0,1.0,884.0,SYNTHETIC_TRAINING_DATA
rec_000030,95277,reliable,80878.92,0.04,False,sub_sim_95277,6,7,4999.0,temporary_bank_failure,1,0.0,0,0,RETRY,1,4999.0,1.0,5.0,0.2,4974.0,SYNTHETIC_TRAINING_DATA
rec_000031,95287,reliable,38515.86,0.04,False,sub_sim_95287,2,6,999.0,temporary_bank_failure,1,0.0,0,0,RETRY,1,999.0,1.0,5.0,0.2,974.0,SYNTHETIC_TRAINING_DATA
rec_000032,82065,reliable,41485.42,0.04,False,sub_sim_82065,9,8,59999.0,temporary_bank_failure,1,0.0,0,0,RETRY,1,59999.0,1.0,5.0,0.2,59974.0,SYNTHETIC_TRAINING_DATA
rec_000033,20623,reliable,74112.33,0.04,False,sub_sim_20623,7,2,24999.0,insufficient_funds,1,0.0,0,1,SEND_REMINDER,0,0.0,12.0,10.0,1.2,-130.0,SYNTHETIC_TRAINING_DATA
rec_000034,66722,reliable,73140.04,0.04,False,sub_sim_66722,7,8,4999.0,invalid_payment_method,1,0.0,0,0,RETRY,0,0.0,1.0,5.0,0.2,-75.0,SYNTHETIC_TRAINING_DATA
rec_000035,57010,high_risk,18647.99,0.35,False,sub_sim_57010,9,2,24999.0,temporary_bank_failure,1,0.0,0,0,RETRY,0,0.0,1.0,5.0,0.2,-25.0,SYNTHETIC_TRAINING_DATA
rec_000036,6919,reliable,39511.06,0.04,False,sub_sim_6919,4,10,59999.0,temporary_bank_failure,1,0.0,0,0,RETRY,1,59999.0,1.0,5.0,0.2,59974.0,SYNTHETIC_TRAINING_DATA
rec_000037,73547,high_risk,15362.33,0.35,False,sub_sim_73547,8,2,2499.0,insufficient_funds,1,0.0,0,0,SEND_REMINDER,1,2499.0,12.0,10.0,1.2,2369.0,SYNTHETIC_TRAINING_DATA
rec_000038,11604,reliable,93846.51,0.04,False,sub_sim_11604,1,7,2499.0,temporary_bank_failure,1,0.0,0,0,ESCALATE_TO_HUMAN,1,2499.0,48.0,150.0,0.8,2269.0,SYNTHETIC_TRAINING_DATA
rec_000039,90854,reliable,22930.7,0.04,False,sub_sim_90854,6,4,4999.0,temporary_bank_failure,1,0.0,0,0,RETRY,0,0.0,1.0,5.0,0.2,-25.0,SYNTHETIC_TRAINING_DATA
rec_000040,6704,reliable,92962.99,0.04,False,sub_sim_6704,6,3,4999.0,insufficient_funds,1,0.0,0,0,SEND_REMINDER,1,4999.0,12.0,10.0,1.2,4869.0,SYNTHETIC_TRAINING_DATA
rec_000041,71977,occasional,18707.46,0.15,False,sub_sim_71977,9,8,59999.0,card_expired,1,0.0,0,1,REQUEST_ALTERNATE_METHOD,1,59999.0,36.0,20.0,1.5,59829.0,SYNTHETIC_TRAINING_DATA
rec_000042,74866,reliable,70327.46,0.04,False,sub_sim_74866,3,5,4999.0,temporary_bank_failure,1,0.0,0,0,RETRY,0,0.0,1.0,5.0,0.2,-25.0,SYNTHETIC_TRAINING_DATA
rec_000043,65803,high_risk,19985.78,0.35,False,sub_sim_65803,8,5,9999.0,invalid_payment_method,1,0.0,0,0,WAIT,0,0.0,24.0,0.0,0.0,0.0,SYNTHETIC_TRAINING_DATA
rec_000044,71500,reliable,57032.44,0.04,False,sub_sim_71500,5,2,9999.0,invalid_payment_method,1,0.0,0,1,SEND_REMINDER,0,0.0,12.0,10.0,1.2,-130.0,SYNTHETIC_TRAINING_DATA
rec_000045,95819,reliable,69246.78,0.04,False,sub_sim_95819,1,5,4999.0,invalid_payment_method,1,0.0,0,0,REQUEST_ALTERNATE_METHOD,1,4999.0,36.0,20.0,1.5,4829.0,SYNTHETIC_TRAINING_DATA
rec_000046,61933,occasional,16895.68,0.15,False,sub_sim_61933,5,5,24999.0,temporary_bank_failure,1,0.0,0,0,RETRY,0,0.0,1.0,5.0,0.2,-25.0,SYNTHETIC_TRAINING_DATA
rec_000047,50578,occasional,37540.38,0.15,False,sub_sim_50578,7,6,59999.0,temporary_bank_failure,1,0.0,0,1,RETRY,0,0.0,1.0,5.0,0.2,-25.0,SYNTHETIC_TRAINING_DATA
rec_000048,85985,occasional,39244.77,0.15,False,sub_sim_85985,1,8,999.0,network_error,1,0.0,0,0,RETRY,0,0.0,1.0,5.0,0.2,-25.0,SYNTHETIC_TRAINING_DATA
rec_000049,65895,reliable,61482.14,0.04,False,sub_sim_65895,4,6,2499.0,temporary_bank_failure,1,0.0,0,0,RETRY,0,0.0,1.0,5.0,0.2,-25.0,SYNTHETIC_TRAINING_DATA
rec_000050,73767,high_risk,21386.3,0.35,False,sub_sim_73767,3,6,24999.0,network_error,1,0.0,0,0,RETRY,0,0.0,1.0,5.0,0.2,-25.0,SYNTHETIC_TRAINING_DATA
rec_000051,45454,reliable,48025.66,0.04,False,sub_sim_45454,4,7,4999.0,network_error,1,0.0,0,1,PAYMENT_LINK,1,4999.0,24.0,15.0,1.0,4884.0,SYNTHETIC_TRAINING_DATA
rec_000052,95610,reliable,56748.55,0.04,False,sub_sim_95610,4,10,2499.0,temporary_bank_failure,1,0.0,0,0,RETRY,0,0.0,1.0,5.0,0.2,-25.0,SYNTHETIC_TRAINING_DATA
rec_000053,5402,occasional,38881.78,0.15,False,sub_sim_5402,1,2,4999.0,temporary_bank_failure,1,0.0,0,0,RETRY,0,0.0,1.0,5.0,0.2,-25.0,SYNTHETIC_TRAINING_DATA
rec_000054,45533,high_risk,9523.21,0.35,False,sub_sim_45533,4,5,4999.0,insufficient_funds,1,0.0,0,1,PAYMENT_LINK,0,0.0,24.0,15.0,1.0,-115.0,SYNTHETIC_TRAINING_DATA
rec_000055,82875,occasional,31931.84,0.15,False,sub_sim_82875,5,10,59999.0,insufficient_funds,1,0.0,0,1,SEND_REMINDER,0,0.0,12.0,10.0,1.2,-130.0,SYNTHETIC_TRAINING_DATA
rec_000056,14643,reliable,61558.56,0.04,False,sub_sim_14643,9,8,9999.0,invalid_payment_method,1,0.0,0,1,RETRY,0,0.0,1.0,5.0,0.2,-75.0,SYNTHETIC_TRAINING_DATA
rec_000057,34149,occasional,12887.98,0.15,False,sub_sim_34149,3,10,999.0,temporary_bank_failure,1,0.0,0,1,RETRY,1,999.0,1.0,5.0,0.2,974.0,SYNTHETIC_TRAINING_DATA
rec_000058,95858,reliable,60953.28,0.04,False,sub_sim_95858,9,10,59999.0,insufficient_funds,1,0.0,0,0,PAYMENT_LINK,1,59999.0,24.0,15.0,1.0,59884.0,SYNTHETIC_TRAINING_DATA
rec_000059,76920,reliable,43109.06,0.04,False,sub_sim_76920,1,7,4999.0,insufficient_funds,1,0.0,0,0,SEND_REMINDER,0,0.0,12.0,10.0,1.2,-130.0,SYNTHETIC_TRAINING_DATA
rec_000060,31716,reliable,82784.43,0.04,False,sub_sim_31716,6,7,4999.0,card_expired,1,0.0,0,0,PAYMENT_LINK,1,4999.0,24.0,15.0,1.0,4884.0,SYNTHETIC_TRAINING_DATA
rec_000061,44864,reliable,85906.94,0.04,False,sub_sim_44864,3,2,2499.0,insufficient_funds,1,0.0,0,0,PAYMENT_LINK,1,2499.0,24.0,15.0,1.0,2384.0,SYNTHETIC_TRAINING_DATA
rec_000062,55708,reliable,34560.78,0.04,False,sub_sim_55708,8,6,9999.0,temporary_bank_failure,1,0.0,0,0,WAIT,0,0.0,6.0,0.0,0.0,0.0,SYNTHETIC_TRAINING_DATA
rec_000063,70648,reliable,37287.11,0.04,False,sub_sim_70648,2,7,2499.0,invalid_payment_method,1,0.0,0,0,REQUEST_ALTERNATE_METHOD,1,2499.0,36.0,20.0,1.5,2329.0,SYNTHETIC_TRAINING_DATA
rec_000064,28565,high_risk,6934.59,0.35,False,sub_sim_28565,5,6,9999.0,temporary_bank_failure,1,0.0,0,0,STOP_RECOVERY,0,0.0,0.0,0.0,0.0,0.0,SYNTHETIC_TRAINING_DATA
rec_000065,55303,reliable,29822.94,0.04,False,sub_sim_55303,5,3,24999.0,temporary_bank_failure,1,0.0,0,0,SEND_REMINDER,0,0.0,12.0,10.0,1.2,-130.0,SYNTHETIC_TRAINING_DATA
rec_000066,11434,reliable,60218.99,0.04,False,sub_sim_11434,7,6,2499.0,temporary_bank_failure,1,0.0,0,0,RETRY,0,0.0,1.0,5.0,0.2,-25.0,SYNTHETIC_TRAINING_DATA
rec_000067,1446,reliable,29432.44,0.04,False,sub_sim_1446,4,9,999.0,temporary_bank_failure,1,0.0,0,0,RETRY,0,0.0,1.0,5.0,0.2,-25.0,SYNTHETIC_TRAINING_DATA
rec_000068,55979,occasional,40003.04,0.15,False,sub_sim_55979,3,2,2499.0,temporary_bank_failure,1,0.0,0,1,RETRY,0,0.0,1.0,5.0,0.2,-25.0,SYNTHETIC_TRAINING_DATA
rec_000069,60382,reliable,77001.87,0.04,False,sub_sim_60382,5,2,24999.0,network_error,1,0.0,0,1,RETRY,0,0.0,1.0,5.0,0.2,-25.0,SYNTHETIC_TRAINING_DATA
rec_000070,47953,reliable,60477.15,0.04,False,sub_sim_47953,6,9,4999.0,temporary_bank_failure,1,0.0,0,0,RETRY,0,0.0,1.0,5.0,0.2,-25.0,SYNTHETIC_TRAINING_DATA
rec_000071,20039,occasional,41946.94,0.15,False,sub_sim_20039,1,6,24999.0,insufficient_funds,1,0.0,0,0,RETRY,0,0.0,1.0,5.0,0.2,-75.0,SYNTHETIC_TRAINING_DATA
rec_000072,29572,reliable,31581.02,0.04,False,sub_sim_29572,6,9,4999.0,authentication_failed,1,0.0,0,0,PAYMENT_LINK,1,4999.0,24.0,15.0,1.0,4884.0,SYNTHETIC_TRAINING_DATA
rec_000073,16935,reliable,54670.74,0.04,False,sub_sim_16935,7,9,4999.0,insufficient_funds,1,0.0,0,0,SEND_REMINDER,0,0.0,12.0,10.0,1.2,-130.0,SYNTHETIC_TRAINING_DATA
rec_000074,63178,reliable,63533.52,0.04,False,sub_sim_63178,8,2,4999.0,temporary_bank_failure,1,0.0,0,0,RETRY,0,0.0,1.0,5.0,0.2,-25.0,SYNTHETIC_TRAINING_DATA
rec_000075,24430,occasional,48287.13,0.15,False,sub_sim_24430,9,4,24999.0,insufficient_funds,1,0.0,0,0,RETRY,0,0.0,1.0,5.0,0.2,-75.0,SYNTHETIC_TRAINING_DATA
rec_000076,14130,reliable,68324.89,0.04,False,sub_sim_14130,4,7,24999.0,temporary_bank_failure,1,0.0,0,0,RETRY,0,0.0,1.0,5.0,0.2,-25.0,SYNTHETIC_TRAINING_DATA
rec_000077,39704,high_risk,10551.08,0.35,False,sub_sim_39704,2,8,59999.0,temporary_bank_failure,1,0.0,0,0,RETRY,0,0.0,1.0,5.0,0.2,-25.0,SYNTHETIC_TRAINING_DATA
rec_000078,43364,occasional,42760.7,0.15,False,sub_sim_43364,2,4,9999.0,temporary_bank_failure,1,0.0,0,0,RETRY,1,9999.0,1.0,5.0,0.2,9974.0,SYNTHETIC_TRAINING_DATA
rec_000079,33143,reliable,40086.47,0.04,False,sub_sim_33143,6,5,999.0,insufficient_funds,1,0.0,0,0,PAYMENT_LINK,1,999.0,24.0,15.0,1.0,884.0,SYNTHETIC_TRAINING_DATA
rec_000080,27894,reliable,85940.82,0.04,False,sub_sim_27894,6,5,59999.0,invalid_payment_method,1,0.0,0,0,WAIT,0,0.0,24.0,0.0,0.0,0.0,SYNTHETIC_TRAINING_DATA
rec_000081,86472,reliable,50206.76,0.04,False,sub_sim_86472,2,3,999.0,insufficient_funds,1,0.0,0,0,PAYMENT_LINK,1,999.0,24.0,15.0,1.0,884.0,SYNTHETIC_TRAINING_DATA
rec_000082,2528,reliable,37628.79,0.04,False,sub_sim_2528,4,3,2499.0,invalid_payment_method,1,0.0,0,0,RETRY,0,0.0,1.0,5.0,0.2,-75.0,SYNTHETIC_TRAINING_DATA
rec_000083,88050,occasional,48765.44,0.15,False,sub_sim_88050,7,8,999.0,card_expired,1,0.0,0,1,RETRY,0,0.0,1.0,5.0,0.2,-75.0,SYNTHETIC_TRAINING_DATA
rec_000084,45612,reliable,51212.94,0.04,False,sub_sim_45612,2,6,24999.0,invalid_payment_method,1,0.0,0,0,REQUEST_ALTERNATE_METHOD,0,0.0,36.0,20.0,1.5,-170.0,SYNTHETIC_TRAINING_DATA
rec_000085,30997,high_risk,6322.56,0.35,False,sub_sim_30997,9,2,59999.0,temporary_bank_failure,1,0.0,0,0,RETRY,0,0.0,1.0,5.0,0.2,-25.0,SYNTHETIC_TRAINING_DATA
rec_000086,51312,reliable,43946.6,0.04,False,sub_sim_51312,9,8,59999.0,insufficient_funds,1,0.0,0,0,SEND_REMINDER,0,0.0,12.0,10.0,1.2,-130.0,SYNTHETIC_TRAINING_DATA
rec_000087,71270,reliable,54685.35,0.04,False,sub_sim_71270,4,6,999.0,insufficient_funds,1,0.0,0,0,PAYMENT_LINK,0,0.0,24.0,15.0,1.0,-115.0,SYNTHETIC_TRAINING_DATA
rec_000088,55923,reliable,91850.23,0.04,False,sub_sim_55923,9,5,59999.0,invalid_payment_method,1,0.0,0,0,REQUEST_ALTERNATE_METHOD,1,59999.0,36.0,20.0,1.5,59829.0,SYNTHETIC_TRAINING_DATA
rec_000089,72781,reliable,44475.32,0.04,False,sub_sim_72781,4,9,9999.0,insufficient_funds,1,0.0,0,1,ESCALATE_TO_HUMAN,1,9999.0,48.0,150.0,0.8,9769.0,SYNTHETIC_TRAINING_DATA
rec_000090,47090,reliable,62586.73,0.04,False,sub_sim_47090,2,5,59999.0,authentication_failed,1,0.0,0,0,PAYMENT_LINK,0,0.0,24.0,15.0,1.0,-115.0,SYNTHETIC_TRAINING_DATA
rec_000091,85701,occasional,39807.36,0.15,False,sub_sim_85701,8,3,9999.0,insufficient_funds,1,0.0,0,0,PAYMENT_LINK,0,0.0,24.0,15.0,1.0,-115.0,SYNTHETIC_TRAINING_DATA
rec_000092,52796,reliable,48867.93,0.04,False,sub_sim_52796,6,8,59999.0,temporary_bank_failure,1,0.0,0,0,REQUEST_ALTERNATE_METHOD,0,0.0,36.0,20.0,1.5,-170.0,SYNTHETIC_TRAINING_DATA
rec_000093,78519,reliable,63534.83,0.04,False,sub_sim_78519,8,9,4999.0,invalid_payment_method,1,0.0,0,0,REQUEST_ALTERNATE_METHOD,1,4999.0,36.0,20.0,1.5,4829.0,SYNTHETIC_TRAINING_DATA
rec_000094,48230,reliable,92060.23,0.04,False,sub_sim_48230,9,4,2499.0,temporary_bank_failure,1,0.0,0,0,RETRY,0,0.0,1.0,5.0,0.2,-25.0,SYNTHETIC_TRAINING_DATA
rec_000095,98737,reliable,29318.47,0.04,False,sub_sim_98737,4,2,2499.0,insufficient_funds,1,0.0,0,0,PAYMENT_LINK,1,2499.0,24.0,15.0,1.0,2384.0,SYNTHETIC_TRAINING_DATA
rec_000096,49622,reliable,54156.01,0.04,False,sub_sim_49622,6,7,2499.0,insufficient_funds,1,0.0,0,0,PAYMENT_LINK,1,2499.0,24.0,15.0,1.0,2384.0,SYNTHETIC_TRAINING_DATA
rec_000097,64777,occasional,32419.09,0.15,False,sub_sim_64777,9,9,59999.0,insufficient_funds,1,0.0,0,0,PAYMENT_LINK,1,59999.0,24.0,15.0,1.0,59884.0,SYNTHETIC_TRAINING_DATA
rec_000098,44872,reliable,31347.47,0.04,False,sub_sim_44872,1,9,4999.0,temporary_bank_failure,1,0.0,0,0,RETRY,1,4999.0,1.0,5.0,0.2,4974.0,SYNTHETIC_TRAINING_DATA
rec_000099,63089,reliable,76566.69,0.04,False,sub_sim_63089,3,5,2499.0,insufficient_funds,1,0.0,0,0,WAIT,0,0.0,24.0,0.0,0.0,0.0,SYNTHETIC_TRAINING_DATA
rec_000100,39694,high_risk,5036.94,0.35,False,sub_sim_39694,2,4,9999.0,insufficient_funds,1,0.0,0,0,PAYMENT_LINK,1,9999.0,24.0,15.0,1.0,9884.0,SYNTHETIC_TRAINING_DATA
rec_000101,2558,reliable,71826.49,0.04,False,sub_sim_2558,9,3,9999.0,network_error,1,0.0,0,1,WAIT,0,0.0,24.0,0.0,0.0,0.0,SYNTHETIC_TRAINING_DATA
rec_000102,92475,high_risk,15113.08,0.35,False,sub_sim_92475,6,9,24999.0,network_error,1,0.0,0,0,PAYMENT_LINK,1,24999.0,24.0,15.0,1.0,24884.0,SYNTHETIC_TRAINING_DATA
rec_000103,32037,reliable,43974.01,0.04,False,sub_sim_32037,1,6,2499.0,temporary_bank_failure,1,0.0,0,0,RETRY,0,0.0,1.0,5.0,0.2,-25.0,SYNTHETIC_TRAINING_DATA
rec_000104,52903,reliable,89629.44,0.04,False,sub_sim_52903,2,8,24999.0,insufficient_funds,1,0.0,0,1,RETRY,0,0.0,1.0,5.0,0.2,-75.0,SYNTHETIC_TRAINING_DATA
rec_000105,87625,reliable,53995.16,0.04,False,sub_sim_87625,4,4,4999.0,temporary_bank_failure,1,0.0,0,1,RETRY,0,0.0,1.0,5.0,0.2,-25.0,SYNTHETIC_TRAINING_DATA
rec_000106,6657,occasional,35321.09,0.15,False,sub_sim_6657,5,5,59999.0,temporary_bank_failure,1,0.0,0,1,RETRY,0,0.0,1.0,5.0,0.2,-25.0,SYNTHETIC_TRAINING_DATA
rec_000107,10481,reliable,79091.96,0.04,False,sub_sim_10481,7,9,2499.0,card_expired,1,0.0,0,0,PAYMENT_LINK,1,2499.0,24.0,15.0,1.0,2384.0,SYNTHETIC_TRAINING_DATA
rec_000108,31578,reliable,37725.83,0.04,False,sub_sim_31578,7,6,59999.0,temporary_bank_failure,1,0.0,0,0,RETRY,0,0.0,1.0,5.0,0.2,-25.0,SYNTHETIC_TRAINING_DATA
rec_000109,52778,high_risk,20691.64,0.35,False,sub_sim_52778,4,8,2499.0,invalid_payment_method,1,0.0,0,0,ESCALATE_TO_HUMAN,1,2499.0,48.0,150.0,0.8,2269.0,SYNTHETIC_TRAINING_DATA
rec_000110,73026,reliable,76752.8,0.04,False,sub_sim_73026,7,7,2499.0,insufficient_funds,1,0.0,0,1,PAYMENT_LINK,0,0.0,24.0,15.0,1.0,-115.0,SYNTHETIC_TRAINING_DATA
rec_000111,68871,reliable,23956.16,0.04,False,sub_sim_68871,5,9,999.0,invalid_payment_method,1,0.0,0,0,REQUEST_ALTERNATE_METHOD,1,999.0,36.0,20.0,1.5,829.0,SYNTHETIC_TRAINING_DATA
rec_000112,70090,reliable,28878.5,0.04,False,sub_sim_70090,8,8,4999.0,card_expired,1,0.0,0,0,REQUEST_ALTERNATE_METHOD,1,4999.0,36.0,20.0,1.5,4829.0,SYNTHETIC_TRAINING_DATA
rec_000113,31020,reliable,36349.25,0.04,False,sub_sim_31020,2,2,9999.0,temporary_bank_failure,1,0.0,0,0,RETRY,0,0.0,1.0,5.0,0.2,-25.0,SYNTHETIC_TRAINING_DATA
rec_000114,12424,occasional,24475.81,0.15,False,sub_sim_12424,6,8,2499.0,invalid_payment_method,1,0.0,0,1,REQUEST_ALTERNATE_METHOD,0,0.0,36.0,20.0,1.5,-170.0,SYNTHETIC_TRAINING_DATA
rec_000115,97614,reliable,27783.5,0.04,False,sub_sim_97614,1,6,999.0,invalid_payment_method,1,0.0,0,0,RETRY,0,0.0,1.0,5.0,0.2,-75.0,SYNTHETIC_TRAINING_DATA
rec_000116,4753,occasional,25757.79,0.15,False,sub_sim_4753,2,4,999.0,network_error,1,0.0,0,1,STOP_RECOVERY,0,0.0,0.0,0.0,0.0,0.0,SYNTHETIC_TRAINING_DATA
rec_000117,42441,occasional,33801.16,0.15,False,sub_sim_42441,6,7,2499.0,authentication_failed,1,0.0,0,0,PAYMENT_LINK,0,0.0,24.0,15.0,1.0,-115.0,SYNTHETIC_TRAINING_DATA
rec_000118,87978,reliable,48876.97,0.04,False,sub_sim_87978,3,10,24999.0,temporary_bank_failure,1,0.0,0,0,RETRY,0,0.0,1.0,5.0,0.2,-25.0,SYNTHETIC_TRAINING_DATA
rec_000119,7089,reliable,48497.05,0.04,False,sub_sim_7089,6,6,999.0,temporary_bank_failure,1,0.0,0,0,RETRY,1,999.0,1.0,5.0,0.2,974.0,SYNTHETIC_TRAINING_DATA
rec_000120,98943,occasional,19511.66,0.15,False,sub_sim_98943,3,4,2499.0,temporary_bank_failure,1,0.0,0,0,RETRY,1,2499.0,1.0,5.0,0.2,2474.0,SYNTHETIC_TRAINING_DATA
rec_000121,53676,reliable,71587.14,0.04,False,sub_sim_53676,8,8,24999.0,insufficient_funds,1,0.0,0,1,PAYMENT_LINK,1,24999.0,24.0,15.0,1.0,24884.0,SYNTHETIC_TRAINING_DATA
rec_000122,45275,reliable,65435.98,0.04,False,sub_sim_45275,8,6,4999.0,insufficient_funds,1,0.0,0,0,PAYMENT_LINK,1,4999.0,24.0,15.0,1.0,4884.0,SYNTHETIC_TRAINING_DATA
rec_000123,56424,reliable,49322.09,0.04,False,sub_sim_56424,2,10,24999.0,card_expired,1,0.0,0,0,REQUEST_ALTERNATE_METHOD,1,24999.0,36.0,20.0,1.5,24829.0,SYNTHETIC_TRAINING_DATA
rec_000124,58868,reliable,81671.06,0.04,False,sub_sim_58868,9,10,999.0,temporary_bank_failure,1,0.0,0,1,PAYMENT_LINK,0,0.0,24.0,15.0,1.0,-115.0,SYNTHETIC_TRAINING_DATA
rec_000125,92721,reliable,76422.12,0.04,False,sub_sim_92721,3,5,4999.0,insufficient_funds,1,0.0,0,0,SEND_REMINDER,1,4999.0,12.0,10.0,1.2,4869.0,SYNTHETIC_TRAINING_DATA
rec_000126,76936,reliable,65927.15,0.04,False,sub_sim_76936,2,5,24999.0,temporary_bank_failure,1,0.0,0,0,RETRY,0,0.0,1.0,5.0,0.2,-25.0,SYNTHETIC_TRAINING_DATA
rec_000127,39359,reliable,85375.94,0.04,False,sub_sim_39359,8,6,4999.0,temporary_bank_failure,1,0.0,0,1,RETRY,0,0.0,1.0,5.0,0.2,-25.0,SYNTHETIC_TRAINING_DATA
rec_000128,90493,occasional,28415.97,0.15,False,sub_sim_90493,7,6,4999.0,temporary_bank_failure,1,0.0,0,0,RETRY,0,0.0,1.0,5.0,0.2,-25.0,SYNTHETIC_TRAINING_DATA
rec_000129,79888,high_risk,22183.01,0.35,False,sub_sim_79888,9,4,2499.0,authentication_failed,1,0.0,0,1,WAIT,0,0.0,24.0,0.0,0.0,0.0,SYNTHETIC_TRAINING_DATA
rec_000130,80149,occasional,31695.95,0.15,False,sub_sim_80149,3,7,4999.0,insufficient_funds,1,0.0,0,0,RETRY,0,0.0,1.0,5.0,0.2,-75.0,SYNTHETIC_TRAINING_DATA
rec_000131,34091,high_risk,16754.58,0.35,False,sub_sim_34091,3,3,999.0,temporary_bank_failure,1,0.0,0,0,RETRY,0,0.0,1.0,5.0,0.2,-25.0,SYNTHETIC_TRAINING_DATA
rec_000132,83425,reliable,42406.12,0.04,False,sub_sim_83425,5,7,59999.0,insufficient_funds,1,0.0,0,0,PAYMENT_LINK,1,59999.0,24.0,15.0,1.0,59884.0,SYNTHETIC_TRAINING_DATA
rec_000133,36076,occasional,46905.68,0.15,False,sub_sim_36076,4,9,59999.0,insufficient_funds,1,0.0,0,0,SEND_REMINDER,0,0.0,12.0,10.0,1.2,-130.0,SYNTHETIC_TRAINING_DATA
rec_000134,75227,reliable,25950.69,0.04,False,sub_sim_75227,1,10,999.0,temporary_bank_failure,1,0.0,0,0,RETRY,1,999.0,1.0,5.0,0.2,974.0,SYNTHETIC_TRAINING_DATA
rec_000135,23012,reliable,94529.74,0.04,False,sub_sim_23012,8,3,59999.0,temporary_bank_failure,1,0.0,0,0,RETRY,1,59999.0,1.0,5.0,0.2,59974.0,SYNTHETIC_TRAINING_DATA
rec_000136,69293,reliable,67428.37,0.04,False,sub_sim_69293,5,7,999.0,temporary_bank_failure,1,0.0,0,0,RETRY,0,0.0,1.0,5.0,0.2,-25.0,SYNTHETIC_TRAINING_DATA
rec_000137,56602,reliable,20261.67,0.04,False,sub_sim_56602,7,3,4999.0,insufficient_funds,1,0.0,0,0,RETRY,0,0.0,1.0,5.0,0.2,-75.0,SYNTHETIC_TRAINING_DATA
rec_000138,98251,high_risk,24222.89,0.35,False,sub_sim_98251,2,9,4999.0,temporary_bank_failure,1,0.0,0,0,WAIT,0,0.0,6.0,0.0,0.0,0.0,SYNTHETIC_TRAINING_DATA
rec_000139,24727,reliable,64261.56,0.04,False,sub_sim_24727,2,5,59999.0,insufficient_funds,1,0.0,0,0,ESCALATE_TO_HUMAN,0,0.0,48.0,150.0,0.8,-230.0,SYNTHETIC_TRAINING_DATA
rec_000140,69962,reliable,55939.68,0.04,False,sub_sim_69962,6,8,9999.0,insufficient_funds,1,0.0,0,0,PAYMENT_LINK,1,9999.0,24.0,15.0,1.0,9884.0,SYNTHETIC_TRAINING_DATA
rec_000141,78753,reliable,58006.71,0.04,False,sub_sim_78753,3,10,9999.0,temporary_bank_failure,1,0.0,0,0,RETRY,0,0.0,1.0,5.0,0.2,-25.0,SYNTHETIC_TRAINING_DATA
rec_000142,97003,high_risk,18774.12,0.35,False,sub_sim_97003,1,4,59999.0,invalid_payment_method,1,0.0,0,0,REQUEST_ALTERNATE_METHOD,1,59999.0,36.0,20.0,1.5,59829.0,SYNTHETIC_TRAINING_DATA
rec_000143,36766,reliable,90401.26,0.04,False,sub_sim_36766,7,4,4999.0,temporary_bank_failure,1,0.0,0,0,RETRY,0,0.0,1.0,5.0,0.2,-25.0,SYNTHETIC_TRAINING_DATA
rec_000144,29077,reliable,48872.35,0.04,False,sub_sim_29077,4,7,999.0,temporary_bank_failure,1,0.0,0,1,RETRY,0,0.0,1.0,5.0,0.2,-25.0,SYNTHETIC_TRAINING_DATA
rec_000145,1908,reliable,89783.57,0.04,False,sub_sim_1908,7,2,24999.0,card_expired,1,0.0,0,1,REQUEST_ALTERNATE_METHOD,1,24999.0,36.0,20.0,1.5,24829.0,SYNTHETIC_TRAINING_DATA
rec_000146,57781,reliable,60397.81,0.04,False,sub_sim_57781,3,2,4999.0,insufficient_funds,1,0.0,0,0,STOP_RECOVERY,0,0.0,0.0,0.0,0.0,0.0,SYNTHETIC_TRAINING_DATA
rec_000147,43302,occasional,43498.32,0.15,False,sub_sim_43302,6,7,24999.0,insufficient_funds,1,0.0,0,0,RETRY,0,0.0,1.0,5.0,0.2,-75.0,SYNTHETIC_TRAINING_DATA
rec_000148,40517,reliable,56836.06,0.04,False,sub_sim_40517,8,4,9999.0,temporary_bank_failure,1,0.0,0,1,WAIT,0,0.0,6.0,0.0,0.0,0.0,SYNTHETIC_TRAINING_DATA
rec_000149,30836,reliable,99228.95,0.04,False,sub_sim_30836,6,3,4999.0,network_error,1,0.0,0,0,RETRY,1,4999.0,1.0,5.0,0.2,4974.0,SYNTHETIC_TRAINING_DATA
rec_000150,11484,occasional,14039.66,0.15,False,sub_sim_11484,4,2,4999.0,insufficient_funds,1,0.0,0,0,SEND_REMINDER,0,0.0,12.0,10.0,1.2,-130.0,SYNTHETIC_TRAINING_DATA
rec_000151,82627,reliable,20739.55,0.04,False,sub_sim_82627,1,6,9999.0,insufficient_funds,1,0.0,0,1,PAYMENT_LINK,1,9999.0,24.0,15.0,1.0,9884.0,SYNTHETIC_TRAINING_DATA
rec_000152,63613,reliable,76302.56,0.04,False,sub_sim_63613,2,6,4999.0,insufficient_funds,1,0.0,0,0,SEND_REMINDER,0,0.0,12.0,10.0,1.2,-130.0,SYNTHETIC_TRAINING_DATA
rec_000153,93861,occasional,20513.85,0.15,False,sub_sim_93861,5,2,2499.0,card_expired,1,0.0,0,0,REQUEST_ALTERNATE_METHOD,1,2499.0,36.0,20.0,1.5,2329.0,SYNTHETIC_TRAINING_DATA
rec_000154,27132,reliable,82695.87,0.04,False,sub_sim_27132,3,10,4999.0,temporary_bank_failure,1,0.0,0,1,WAIT,0,0.0,6.0,0.0,0.0,0.0,SYNTHETIC_TRAINING_DATA
rec_000155,26389,reliable,78173.86,0.04,False,sub_sim_26389,9,8,999.0,temporary_bank_failure,1,0.0,0,1,RETRY,0,0.0,1.0,5.0,0.2,-25.0,SYNTHETIC_TRAINING_DATA
rec_000156,93600,occasional,41982.53,0.15,False,sub_sim_93600,6,6,4999.0,network_error,1,0.0,0,0,RETRY,1,4999.0,1.0,5.0,0.2,4974.0,SYNTHETIC_TRAINING_DATA
rec_000157,40690,occasional,13493.91,0.15,False,sub_sim_40690,6,7,999.0,network_error,1,0.0,0,0,RETRY,1,999.0,1.0,5.0,0.2,974.0,SYNTHETIC_TRAINING_DATA
rec_000158,43103,reliable,26047.07,0.04,False,sub_sim_43103,2,9,4999.0,authentication_failed,1,0.0,0,1,PAYMENT_LINK,1,4999.0,24.0,15.0,1.0,4884.0,SYNTHETIC_TRAINING_DATA
rec_000159,4768,reliable,22392.13,0.04,False,sub_sim_4768,2,10,9999.0,insufficient_funds,1,0.0,0,0,PAYMENT_LINK,1,9999.0,24.0,15.0,1.0,9884.0,SYNTHETIC_TRAINING_DATA
rec_000160,30656,reliable,59067.31,0.04,False,sub_sim_30656,6,9,24999.0,insufficient_funds,1,0.0,0,1,PAYMENT_LINK,1,24999.0,24.0,15.0,1.0,24884.0,SYNTHETIC_TRAINING_DATA
rec_000161,19421,reliable,85260.41,0.04,False,sub_sim_19421,7,3,2499.0,insufficient_funds,1,0.0,0,0,PAYMENT_LINK,0,0.0,24.0,15.0,1.0,-115.0,SYNTHETIC_TRAINING_DATA
rec_000162,32470,reliable,26995.59,0.04,False,sub_sim_32470,3,7,4999.0,network_error,1,0.0,0,0,REQUEST_ALTERNATE_METHOD,0,0.0,36.0,20.0,1.5,-170.0,SYNTHETIC_TRAINING_DATA
rec_000163,74409,occasional,34743.82,0.15,False,sub_sim_74409,3,6,9999.0,temporary_bank_failure,1,0.0,0,1,ESCALATE_TO_HUMAN,1,9999.0,48.0,150.0,0.8,9769.0,SYNTHETIC_TRAINING_DATA
rec_000164,54370,reliable,85846.79,0.04,False,sub_sim_54370,2,2,59999.0,temporary_bank_failure,1,0.0,0,0,RETRY,1,59999.0,1.0,5.0,0.2,59974.0,SYNTHETIC_TRAINING_DATA
rec_000165,54026,reliable,99766.35,0.04,False,sub_sim_54026,3,9,999.0,temporary_bank_failure,1,0.0,0,0,RETRY,0,0.0,1.0,5.0,0.2,-25.0,SYNTHETIC_TRAINING_DATA
rec_000166,11551,reliable,90710.01,0.04,False,sub_sim_11551,6,8,24999.0,insufficient_funds,1,0.0,0,0,SEND_REMINDER,1,24999.0,12.0,10.0,1.2,24869.0,SYNTHETIC_TRAINING_DATA
rec_000167,89205,reliable,36609.62,0.04,False,sub_sim_89205,8,10,9999.0,invalid_payment_method,1,0.0,0,0,PAYMENT_LINK,0,0.0,24.0,15.0,1.0,-115.0,SYNTHETIC_TRAINING_DATA
rec_000168,70445,reliable,74923.09,0.04,False,sub_sim_70445,1,8,59999.0,invalid_payment_method,1,0.0,0,0,PAYMENT_LINK,0,0.0,24.0,15.0,1.0,-115.0,SYNTHETIC_TRAINING_DATA
rec_000169,27663,reliable,53197.64,0.04,False,sub_sim_27663,6,2,59999.0,insufficient_funds,1,0.0,0,0,PAYMENT_LINK,1,59999.0,24.0,15.0,1.0,59884.0,SYNTHETIC_TRAINING_DATA
rec_000170,16733,reliable,36776.99,0.04,False,sub_sim_16733,6,6,24999.0,authentication_failed,1,0.0,0,0,RETRY,0,0.0,1.0,5.0,0.2,-75.0,SYNTHETIC_TRAINING_DATA
rec_000171,1538,reliable,58583.47,0.04,False,sub_sim_1538,8,7,999.0,temporary_bank_failure,1,0.0,0,0,RETRY,0,0.0,1.0,5.0,0.2,-25.0,SYNTHETIC_TRAINING_DATA
rec_000172,18238,occasional,26180.41,0.15,False,sub_sim_18238,4,8,999.0,invalid_payment_method,1,0.0,0,0,REQUEST_ALTERNATE_METHOD,1,999.0,36.0,20.0,1.5,829.0,SYNTHETIC_TRAINING_DATA
rec_000173,1190,reliable,23884.86,0.04,False,sub_sim_1190,9,3,4999.0,invalid_payment_method,1,0.0,0,0,REQUEST_ALTERNATE_METHOD,1,4999.0,36.0,20.0,1.5,4829.0,SYNTHETIC_TRAINING_DATA
rec_000174,86814,reliable,99556.02,0.04,False,sub_sim_86814,8,4,59999.0,temporary_bank_failure,1,0.0,0,0,RETRY,0,0.0,1.0,5.0,0.2,-25.0,SYNTHETIC_TRAINING_DATA
rec_000175,98014,occasional,24058.95,0.15,False,sub_sim_98014,6,3,999.0,card_expired,1,0.0,0,0,RETRY,0,0.0,1.0,5.0,0.2,-75.0,SYNTHETIC_TRAINING_DATA
rec_000176,74188,occasional,39241.76,0.15,False,sub_sim_74188,2,5,9999.0,network_error,1,0.0,0,0,WAIT,0,0.0,24.0,0.0,0.0,0.0,SYNTHETIC_TRAINING_DATA
rec_000177,58818,reliable,83917.28,0.04,False,sub_sim_58818,6,10,59999.0,temporary_bank_failure,1,0.0,0,1,RETRY,1,59999.0,1.0,5.0,0.2,59974.0,SYNTHETIC_TRAINING_DATA
rec_000178,15755,reliable,84989.72,0.04,False,sub_sim_15755,9,10,4999.0,invalid_payment_method,1,0.0,0,1,REQUEST_ALTERNATE_METHOD,1,4999.0,36.0,20.0,1.5,4829.0,SYNTHETIC_TRAINING_DATA
rec_000179,79159,reliable,91701.17,0.04,False,sub_sim_79159,9,8,24999.0,invalid_payment_method,1,0.0,0,0,RETRY,0,0.0,1.0,5.0,0.2,-75.0,SYNTHETIC_TRAINING_DATA
rec_000180,36447,reliable,92205.68,0.04,False,sub_sim_36447,7,2,2499.0,network_error,1,0.0,0,0,PAYMENT_LINK,1,2499.0,24.0,15.0,1.0,2384.0,SYNTHETIC_TRAINING_DATA
rec_000181,41420,occasional,38887.94,0.15,False,sub_sim_41420,5,10,59999.0,temporary_bank_failure,1,0.0,0,0,RETRY,0,0.0,1.0,5.0,0.2,-25.0,SYNTHETIC_TRAINING_DATA
rec_000182,34786,reliable,74030.85,0.04,False,sub_sim_34786,3,5,9999.0,temporary_bank_failure,1,0.0,0,0,STOP_RECOVERY,0,0.0,0.0,0.0,0.0,0.0,SYNTHETIC_TRAINING_DATA
rec_000183,82931,reliable,69140.87,0.04,False,sub_sim_82931,1,5,999.0,insufficient_funds,1,0.0,0,1,PAYMENT_LINK,0,0.0,24.0,15.0,1.0,-115.0,SYNTHETIC_TRAINING_DATA
rec_000184,86258,reliable,99881.91,0.04,False,sub_sim_86258,3,8,999.0,network_error,1,0.0,0,0,WAIT,0,0.0,24.0,0.0,0.0,0.0,SYNTHETIC_TRAINING_DATA
rec_000185,89403,occasional,48031.49,0.15,False,sub_sim_89403,8,7,59999.0,temporary_bank_failure,1,0.0,0,0,RETRY,1,59999.0,1.0,5.0,0.2,59974.0,SYNTHETIC_TRAINING_DATA
rec_000186,41348,reliable,33855.73,0.04,False,sub_sim_41348,4,5,9999.0,temporary_bank_failure,1,0.0,0,1,STOP_RECOVERY,0,0.0,0.0,0.0,0.0,0.0,SYNTHETIC_TRAINING_DATA
rec_000187,66236,reliable,60067.48,0.04,False,sub_sim_66236,3,10,2499.0,temporary_bank_failure,1,0.0,0,0,STOP_RECOVERY,0,0.0,0.0,0.0,0.0,0.0,SYNTHETIC_TRAINING_DATA
rec_000188,54158,high_risk,5125.7,0.35,False,sub_sim_54158,3,5,4999.0,temporary_bank_failure,1,0.0,0,0,RETRY,0,0.0,1.0,5.0,0.2,-25.0,SYNTHETIC_TRAINING_DATA
rec_000189,59955,reliable,93113.02,0.04,False,sub_sim_59955,9,5,999.0,card_expired,1,0.0,0,0,SEND_REMINDER,0,0.0,12.0,10.0,1.2,-130.0,SYNTHETIC_TRAINING_DATA
rec_000190,21355,occasional,16179.79,0.15,False,sub_sim_21355,4,2,999.0,insufficient_funds,1,0.0,0,0,WAIT,0,0.0,24.0,0.0,0.0,0.0,SYNTHETIC_TRAINING_DATA
rec_000191,65308,reliable,64107.64,0.04,False,sub_sim_65308,3,7,59999.0,temporary_bank_failure,1,0.0,0,0,RETRY,0,0.0,1.0,5.0,0.2,-25.0,SYNTHETIC_TRAINING_DATA
rec_000192,10818,reliable,28892.6,0.04,False,sub_sim_10818,4,3,24999.0,invalid_payment_method,1,0.0,0,1,RETRY,0,0.0,1.0,5.0,0.2,-75.0,SYNTHETIC_TRAINING_DATA
rec_000193,45945,reliable,42550.28,0.04,False,sub_sim_45945,3,9,59999.0,invalid_payment_method,1,0.0,0,0,REQUEST_ALTERNATE_METHOD,1,59999.0,36.0,20.0,1.5,59829.0,SYNTHETIC_TRAINING_DATA
rec_000194,67803,reliable,25309.8,0.04,False,sub_sim_67803,1,5,24999.0,temporary_bank_failure,1,0.0,0,0,RETRY,0,0.0,1.0,5.0,0.2,-25.0,SYNTHETIC_TRAINING_DATA
rec_000195,54088,reliable,93581.59,0.04,False,sub_sim_54088,7,2,24999.0,insufficient_funds,1,0.0,0,1,RETRY,0,0.0,1.0,5.0,0.2,-75.0,SYNTHETIC_TRAINING_DATA
rec_000196,78634,reliable,36597.48,0.04,False,sub_sim_78634,8,5,999.0,temporary_bank_failure,1,0.0,0,1,RETRY,1,999.0,1.0,5.0,0.2,974.0,SYNTHETIC_TRAINING_DATA
rec_000197,65433,occasional,48122.29,0.15,False,sub_sim_65433,6,7,9999.0,insufficient_funds,1,0.0,0,0,SEND_REMINDER,1,9999.0,12.0,10.0,1.2,9869.0,SYNTHETIC_TRAINING_DATA
rec_000198,83213,reliable,77106.55,0.04,False,sub_sim_83213,4,9,9999.0,temporary_bank_failure,1,0.0,0,0,SEND_REMINDER,1,9999.0,12.0,10.0,1.2,9869.0,SYNTHETIC_TRAINING_DATA
rec_000199,88974,reliable,39147.09,0.04,False,sub_sim_88974,4,5,4999.0,temporary_bank_failure,1,0.0,0,1,RETRY,0,0.0,1.0,5.0,0.2,-25.0,SYNTHETIC_TRAINING_DATA
rec_000200,45444,reliable,79061.26,0.04,False,sub_sim_45444,4,9,2499.0,insufficient_funds,1,0.0,0,1,RETRY,0,0.0,1.0,5.0,0.2,-75.0,SYNTHETIC_TRAINING_DATA
rec_000201,74115,occasional,26742.59,0.15,False,sub_sim_74115,2,6,59999.0,temporary_bank_failure,1,0.0,0,0,RETRY,0,0.0,1.0,5.0,0.2,-25.0,SYNTHETIC_TRAINING_DATA
rec_000202,90181,occasional,43000.71,0.15,False,sub_sim_90181,9,9,9999.0,temporary_bank_failure,1,0.0,0,0,RETRY,0,0.0,1.0,5.0,0.2,-25.0,SYNTHETIC_TRAINING_DATA
rec_000203,98258,reliable,47123.75,0.04,False,sub_sim_98258,6,5,4999.0,temporary_bank_failure,1,0.0,0,0,RETRY,1,4999.0,1.0,5.0,0.2,4974.0,SYNTHETIC_TRAINING_DATA
rec_000204,98686,reliable,29141.15,0.04,False,sub_sim_98686,2,6,24999.0,insufficient_funds,1,0.0,0,0,RETRY,0,0.0,1.0,5.0,0.2,-75.0,SYNTHETIC_TRAINING_DATA
rec_000205,71436,reliable,82630.59,0.04,False,sub_sim_71436,7,7,4999.0,temporary_bank_failure,1,0.0,0,0,RETRY,0,0.0,1.0,5.0,0.2,-25.0,SYNTHETIC_TRAINING_DATA
rec_000206,31886,occasional,33965.48,0.15,False,sub_sim_31886,6,6,2499.0,temporary_bank_failure,1,0.0,0,0,WAIT,0,0.0,6.0,0.0,0.0,0.0,SYNTHETIC_TRAINING_DATA
rec_000207,52993,occasional,11785.15,0.15,False,sub_sim_52993,7,9,59999.0,temporary_bank_failure,1,0.0,0,0,ESCALATE_TO_HUMAN,1,59999.0,48.0,150.0,0.8,59769.0,SYNTHETIC_TRAINING_DATA
rec_000208,71021,high_risk,23730.18,0.35,False,sub_sim_71021,1,3,9999.0,network_error,1,0.0,0,1,RETRY,0,0.0,1.0,5.0,0.2,-25.0,SYNTHETIC_TRAINING_DATA
rec_000209,40374,reliable,26068.81,0.04,False,sub_sim_40374,3,3,9999.0,invalid_payment_method,1,0.0,0,1,PAYMENT_LINK,1,9999.0,24.0,15.0,1.0,9884.0,SYNTHETIC_TRAINING_DATA
rec_000210,10595,occasional,18759.66,0.15,False,sub_sim_10595,4,2,999.0,temporary_bank_failure,1,0.0,0,1,RETRY,1,999.0,1.0,5.0,0.2,974.0,SYNTHETIC_TRAINING_DATA
rec_000211,84701,reliable,84497.6,0.04,False,sub_sim_84701,6,2,999.0,insufficient_funds,1,0.0,0,0,SEND_REMINDER,1,999.0,12.0,10.0,1.2,869.0,SYNTHETIC_TRAINING_DATA
rec_000212,58999,reliable,26617.18,0.04,False,sub_sim_58999,7,6,59999.0,invalid_payment_method,1,0.0,0,0,PAYMENT_LINK,1,59999.0,24.0,15.0,1.0,59884.0,SYNTHETIC_TRAINING_DATA
rec_000213,29785,reliable,79937.95,0.04,False,sub_sim_29785,2,2,999.0,insufficient_funds,1,0.0,0,0,WAIT,0,0.0,24.0,0.0,0.0,0.0,SYNTHETIC_TRAINING_DATA
rec_000214,18430,reliable,82282.18,0.04,False,sub_sim_18430,6,2,24999.0,insufficient_funds,1,0.0,0,1,PAYMENT_LINK,0,0.0,24.0,15.0,1.0,-115.0,SYNTHETIC_TRAINING_DATA
rec_000215,44861,high_risk,24893.92,0.35,False,sub_sim_44861,5,2,999.0,temporary_bank_failure,1,0.0,0,1,RETRY,0,0.0,1.0,5.0,0.2,-25.0,SYNTHETIC_TRAINING_DATA
rec_000216,75807,occasional,32042.53,0.15,False,sub_sim_75807,9,3,999.0,temporary_bank_failure,1,0.0,0,0,RETRY,0,0.0,1.0,5.0,0.2,-25.0,SYNTHETIC_TRAINING_DATA
rec_000217,50878,occasional,40228.25,0.15,False,sub_sim_50878,2,10,2499.0,network_error,1,0.0,0,0,RETRY,0,0.0,1.0,5.0,0.2,-25.0,SYNTHETIC_TRAINING_DATA
rec_000218,21071,reliable,71106.59,0.04,False,sub_sim_21071,6,9,2499.0,invalid_payment_method,1,0.0,0,1,REQUEST_ALTERNATE_METHOD,1,2499.0,36.0,20.0,1.5,2329.0,SYNTHETIC_TRAINING_DATA
rec_000219,94718,reliable,76109.1,0.04,False,sub_sim_94718,1,8,999.0,temporary_bank_failure,1,0.0,0,0,SEND_REMINDER,0,0.0,12.0,10.0,1.2,-130.0,SYNTHETIC_TRAINING_DATA
rec_000220,48495,reliable,90831.54,0.04,False,sub_sim_48495,2,9,2499.0,invalid_payment_method,1,0.0,0,0,REQUEST_ALTERNATE_METHOD,1,2499.0,36.0,20.0,1.5,2329.0,SYNTHETIC_TRAINING_DATA
rec_000221,74890,reliable,91007.35,0.04,False,sub_sim_74890,8,10,59999.0,temporary_bank_failure,1,0.0,0,0,RETRY,0,0.0,1.0,5.0,0.2,-25.0,SYNTHETIC_TRAINING_DATA
rec_000222,84198,reliable,26067.8,0.04,False,sub_sim_84198,6,3,9999.0,temporary_bank_failure,1,0.0,0,0,RETRY,0,0.0,1.0,5.0,0.2,-25.0,SYNTHETIC_TRAINING_DATA
rec_000223,12586,reliable,47740.87,0.04,False,sub_sim_12586,1,9,59999.0,temporary_bank_failure,1,0.0,0,0,RETRY,0,0.0,1.0,5.0,0.2,-25.0,SYNTHETIC_TRAINING_DATA
rec_000224,75106,reliable,84604.05,0.04,False,sub_sim_75106,7,4,2499.0,temporary_bank_failure,1,0.0,0,1,RETRY,0,0.0,1.0,5.0,0.2,-25.0,SYNTHETIC_TRAINING_DATA
rec_000225,40577,reliable,93016.11,0.04,False,sub_sim_40577,3,7,999.0,temporary_bank_failure,1,0.0,0,0,RETRY,0,0.0,1.0,5.0,0.2,-25.0,SYNTHETIC_TRAINING_DATA
rec_000226,57626,reliable,85596.6,0.04,False,sub_sim_57626,1,6,999.0,invalid_payment_method,1,0.0,0,0,RETRY,0,0.0,1.0,5.0,0.2,-75.0,SYNTHETIC_TRAINING_DATA
rec_000227,67517,reliable,93055.67,0.04,False,sub_sim_67517,6,10,4999.0,invalid_payment_method,1,0.0,0,0,PAYMENT_LINK,1,4999.0,24.0,15.0,1.0,4884.0,SYNTHETIC_TRAINING_DATA
rec_000228,92847,reliable,39301.65,0.04,False,sub_sim_92847,8,9,2499.0,network_error,1,0.0,0,1,PAYMENT_LINK,0,0.0,24.0,15.0,1.0,-115.0,SYNTHETIC_TRAINING_DATA
rec_000229,58222,occasional,29351.14,0.15,False,sub_sim_58222,3,6,9999.0,temporary_bank_failure,1,0.0,0,0,RETRY,0,0.0,1.0,5.0,0.2,-25.0,SYNTHETIC_TRAINING_DATA
rec_000230,98577,occasional,34108.04,0.15,False,sub_sim_98577,3,6,9999.0,insufficient_funds,1,0.0,0,0,SEND_REMINDER,1,9999.0,12.0,10.0,1.2,9869.0,SYNTHETIC_TRAINING_DATA
rec_000231,11401,reliable,72282.3,0.04,False,sub_sim_11401,7,7,59999.0,card_expired,1,0.0,0,0,PAYMENT_LINK,0,0.0,24.0,15.0,1.0,-115.0,SYNTHETIC_TRAINING_DATA
rec_000232,14673,occasional,36410.32,0.15,False,sub_sim_14673,8,3,999.0,invalid_payment_method,1,0.0,0,0,REQUEST_ALTERNATE_METHOD,1,999.0,36.0,20.0,1.5,829.0,SYNTHETIC_TRAINING_DATA
rec_000233,52945,reliable,56985.24,0.04,False,sub_sim_52945,8,9,2499.0,insufficient_funds,1,0.0,0,1,RETRY,0,0.0,1.0,5.0,0.2,-75.0,SYNTHETIC_TRAINING_DATA
rec_000234,22918,occasional,11226.22,0.15,False,sub_sim_22918,1,9,59999.0,invalid_payment_method,1,0.0,0,0,REQUEST_ALTERNATE_METHOD,1,59999.0,36.0,20.0,1.5,59829.0,SYNTHETIC_TRAINING_DATA
rec_000235,64578,reliable,44292.53,0.04,False,sub_sim_64578,8,3,59999.0,temporary_bank_failure,1,0.0,0,0,RETRY,0,0.0,1.0,5.0,0.2,-25.0,SYNTHETIC_TRAINING_DATA
rec_000236,11861,reliable,55033.42,0.04,False,sub_sim_11861,1,5,4999.0,insufficient_funds,1,0.0,0,1,PAYMENT_LINK,1,4999.0,24.0,15.0,1.0,4884.0,SYNTHETIC_TRAINING_DATA
rec_000237,53022,reliable,42447.68,0.04,False,sub_sim_53022,6,9,59999.0,authentication_failed,1,0.0,0,0,ESCALATE_TO_HUMAN,0,0.0,48.0,150.0,0.8,-230.0,SYNTHETIC_TRAINING_DATA
rec_000238,57858,occasional,14054.1,0.15,False,sub_sim_57858,2,5,2499.0,temporary_bank_failure,1,0.0,0,0,RETRY,1,2499.0,1.0,5.0,0.2,2474.0,SYNTHETIC_TRAINING_DATA
rec_000239,39458,occasional,40770.3,0.15,False,sub_sim_39458,7,2,24999.0,insufficient_funds,1,0.0,0,0,SEND_REMINDER,1,24999.0,12.0,10.0,1.2,24869.0,SYNTHETIC_TRAINING_DATA
rec_000240,51270,high_risk,9580.01,0.35,False,sub_sim_51270,5,3,59999.0,insufficient_funds,1,0.0,0,0,STOP_RECOVERY,0,0.0,0.0,0.0,0.0,0.0,SYNTHETIC_TRAINING_DATA
rec_000241,77343,reliable,77838.49,0.04,False,sub_sim_77343,7,5,4999.0,invalid_payment_method,1,0.0,0,1,PAYMENT_LINK,1,4999.0,24.0,15.0,1.0,4884.0,SYNTHETIC_TRAINING_DATA
rec_000242,14527,reliable,56562.43,0.04,False,sub_sim_14527,1,7,2499.0,temporary_bank_failure,1,0.0,0,0,RETRY,0,0.0,1.0,5.0,0.2,-25.0,SYNTHETIC_TRAINING_DATA
rec_000243,25126,reliable,68351.64,0.04,False,sub_sim_25126,9,6,2499.0,insufficient_funds,1,0.0,0,0,SEND_REMINDER,0,0.0,12.0,10.0,1.2,-130.0,SYNTHETIC_TRAINING_DATA
rec_000244,74137,reliable,96925.58,0.04,False,sub_sim_74137,1,9,2499.0,network_error,1,0.0,0,1,WAIT,0,0.0,24.0,0.0,0.0,0.0,SYNTHETIC_TRAINING_DATA
rec_000245,31090,occasional,13232.33,0.15,False,sub_sim_31090,3,6,59999.0,network_error,1,0.0,0,0,ESCALATE_TO_HUMAN,1,59999.0,48.0,150.0,0.8,59769.0,SYNTHETIC_TRAINING_DATA
rec_000246,92652,occasional,10254.68,0.15,False,sub_sim_92652,7,2,999.0,card_expired,1,0.0,0,0,REQUEST_ALTERNATE_METHOD,1,999.0,36.0,20.0,1.5,829.0,SYNTHETIC_TRAINING_DATA
rec_000247,23334,reliable,93364.29,0.04,False,sub_sim_23334,8,7,59999.0,temporary_bank_failure,1,0.0,0,0,RETRY,0,0.0,1.0,5.0,0.2,-25.0,SYNTHETIC_TRAINING_DATA
rec_000248,66877,reliable,43633.5,0.04,False,sub_sim_66877,2,10,2499.0,insufficient_funds,1,0.0,0,1,PAYMENT_LINK,1,2499.0,24.0,15.0,1.0,2384.0,SYNTHETIC_TRAINING_DATA
rec_000249,27459,reliable,47520.64,0.04,False,sub_sim_27459,2,8,999.0,insufficient_funds,1,0.0,0,1,SEND_REMINDER,1,999.0,12.0,10.0,1.2,869.0,SYNTHETIC_TRAINING_DATA
rec_000250,6033,reliable,79544.54,0.04,False,sub_sim_6033,1,4,4999.0,temporary_bank_failure,1,0.0,0,1,RETRY,1,4999.0,1.0,5.0,0.2,4974.0,SYNTHETIC_TRAINING_DATA
rec_000251,99366,occasional,39242.24,0.15,False,sub_sim_99366,8,7,999.0,temporary_bank_failure,1,0.0,0,0,RETRY,0,0.0,1.0,5.0,0.2,-25.0,SYNTHETIC_TRAINING_DATA
rec_000252,10921,occasional,21918.37,0.15,False,sub_sim_10921,3,4,999.0,network_error,1,0.0,0,1,WAIT,0,0.0,24.0,0.0,0.0,0.0,SYNTHETIC_TRAINING_DATA
rec_000253,12407,reliable,71123.12,0.04,False,sub_sim_12407,3,7,24999.0,insufficient_funds,1,0.0,0,0,PAYMENT_LINK,1,24999.0,24.0,15.0,1.0,24884.0,SYNTHETIC_TRAINING_DATA
rec_000254,18514,reliable,96926.65,0.04,False,sub_sim_18514,9,8,59999.0,temporary_bank_failure,1,0.0,0,0,ESCALATE_TO_HUMAN,0,0.0,48.0,150.0,0.8,-230.0,SYNTHETIC_TRAINING_DATA
rec_000255,9596,reliable,42061.6,0.04,False,sub_sim_9596,2,3,4999.0,temporary_bank_failure,1,0.0,0,0,RETRY,0,0.0,1.0,5.0,0.2,-25.0,SYNTHETIC_TRAINING_DATA
rec_000256,20233,reliable,44022.08,0.04,False,sub_sim_20233,3,3,24999.0,temporary_bank_failure,1,0.0,0,0,RETRY,0,0.0,1.0,5.0,0.2,-25.0,SYNTHETIC_TRAINING_DATA
rec_000257,48878,reliable,56454.8,0.04,False,sub_sim_48878,9,9,4999.0,insufficient_funds,1,0.0,0,1,SEND_REMINDER,1,4999.0,12.0,10.0,1.2,4869.0,SYNTHETIC_TRAINING_DATA
rec_000258,81411,reliable,22247.06,0.04,False,sub_sim_81411,7,8,2499.0,insufficient_funds,1,0.0,0,1,RETRY,0,0.0,1.0,5.0,0.2,-75.0,SYNTHETIC_TRAINING_DATA
rec_000259,5842,reliable,50382.98,0.04,False,sub_sim_5842,3,7,59999.0,invalid_payment_method,1,0.0,0,0,PAYMENT_LINK,0,0.0,24.0,15.0,1.0,-115.0,SYNTHETIC_TRAINING_DATA
rec_000260,24492,reliable,47810.19,0.04,False,sub_sim_24492,9,8,4999.0,invalid_payment_method,1,0.0,0,1,RETRY,0,0.0,1.0,5.0,0.2,-75.0,SYNTHETIC_TRAINING_DATA
rec_000261,80294,occasional,49930.79,0.15,False,sub_sim_80294,6,9,9999.0,temporary_bank_failure,1,0.0,0,0,RETRY,0,0.0,1.0,5.0,0.2,-25.0,SYNTHETIC_TRAINING_DATA
rec_000262,41715,reliable,84615.62,0.04,False,sub_sim_41715,3,9,2499.0,temporary_bank_failure,1,0.0,0,0,RETRY,0,0.0,1.0,5.0,0.2,-25.0,SYNTHETIC_TRAINING_DATA
rec_000263,76869,occasional,25327.14,0.15,False,sub_sim_76869,6,2,999.0,invalid_payment_method,1,0.0,0,1,WAIT,0,0.0,24.0,0.0,0.0,0.0,SYNTHETIC_TRAINING_DATA
rec_000264,32465,reliable,55615.44,0.04,False,sub_sim_32465,5,6,9999.0,insufficient_funds,1,0.0,0,0,WAIT,0,0.0,24.0,0.0,0.0,0.0,SYNTHETIC_TRAINING_DATA
rec_000265,81693,reliable,31905.68,0.04,False,sub_sim_81693,8,2,24999.0,invalid_payment_method,1,0.0,0,0,REQUEST_ALTERNATE_METHOD,1,24999.0,36.0,20.0,1.5,24829.0,SYNTHETIC_TRAINING_DATA
rec_000266,96976,reliable,72572.54,0.04,False,sub_sim_96976,9,4,24999.0,temporary_bank_failure,1,0.0,0,0,RETRY,0,0.0,1.0,5.0,0.2,-25.0,SYNTHETIC_TRAINING_DATA
rec_000267,63030,reliable,87941.98,0.04,False,sub_sim_63030,5,6,2499.0,temporary_bank_failure,1,0.0,0,0,RETRY,0,0.0,1.0,5.0,0.2,-25.0,SYNTHETIC_TRAINING_DATA
rec_000268,59509,reliable,98732.71,0.04,False,sub_sim_59509,6,3,59999.0,insufficient_funds,1,0.0,0,0,SEND_REMINDER,1,59999.0,12.0,10.0,1.2,59869.0,SYNTHETIC_TRAINING_DATA
rec_000269,14241,high_risk,18426.96,0.35,False,sub_sim_14241,7,2,4999.0,temporary_bank_failure,1,0.0,0,0,RETRY,0,0.0,1.0,5.0,0.2,-25.0,SYNTHETIC_TRAINING_DATA
rec_000270,35510,reliable,71325.85,0.04,False,sub_sim_35510,7,6,999.0,invalid_payment_method,1,0.0,0,0,RETRY,0,0.0,1.0,5.0,0.2,-75.0,SYNTHETIC_TRAINING_DATA
rec_000271,2498,reliable,64980.21,0.04,False,sub_sim_2498,1,10,2499.0,temporary_bank_failure,1,0.0,0,1,RETRY,0,0.0,1.0,5.0,0.2,-25.0,SYNTHETIC_TRAINING_DATA
rec_000272,32142,reliable,82342.21,0.04,False,sub_sim_32142,4,9,24999.0,temporary_bank_failure,1,0.0,0,1,RETRY,0,0.0,1.0,5.0,0.2,-25.0,SYNTHETIC_TRAINING_DATA
rec_000273,46695,occasional,40081.82,0.15,False,sub_sim_46695,6,9,24999.0,temporary_bank_failure,1,0.0,0,1,RETRY,0,0.0,1.0,5.0,0.2,-25.0,SYNTHETIC_TRAINING_DATA
rec_000274,64221,occasional,22820.37,0.15,False,sub_sim_64221,7,2,4999.0,invalid_payment_method,1,0.0,0,1,STOP_RECOVERY,0,0.0,0.0,0.0,0.0,0.0,SYNTHETIC_TRAINING_DATA
rec_000275,1972,reliable,97015.31,0.04,False,sub_sim_1972,5,3,9999.0,invalid_payment_method,1,0.0,0,0,REQUEST_ALTERNATE_METHOD,0,0.0,36.0,20.0,1.5,-170.0,SYNTHETIC_TRAINING_DATA
rec_000276,20967,reliable,98744.97,0.04,False,sub_sim_20967,8,6,24999.0,temporary_bank_failure,1,0.0,0,1,SEND_REMINDER,0,0.0,12.0,10.0,1.2,-130.0,SYNTHETIC_TRAINING_DATA
rec_000277,12618,occasional,48062.2,0.15,False,sub_sim_12618,1,7,999.0,insufficient_funds,1,0.0,0,0,PAYMENT_LINK,1,999.0,24.0,15.0,1.0,884.0,SYNTHETIC_TRAINING_DATA
rec_000278,90570,occasional,21622.34,0.15,False,sub_sim_90570,3,10,4999.0,temporary_bank_failure,1,0.0,0,0,RETRY,0,0.0,1.0,5.0,0.2,-25.0,SYNTHETIC_TRAINING_DATA
rec_000279,30607,reliable,36176.71,0.04,False,sub_sim_30607,6,6,9999.0,temporary_bank_failure,1,0.0,0,0,RETRY,0,0.0,1.0,5.0,0.2,-25.0,SYNTHETIC_TRAINING_DATA
rec_000280,38574,high_risk,14668.77,0.35,False,sub_sim_38574,7,6,4999.0,network_error,1,0.0,0,0,RETRY,1,4999.0,1.0,5.0,0.2,4974.0,SYNTHETIC_TRAINING_DATA
rec_000281,10724,reliable,42048.38,0.04,False,sub_sim_10724,3,9,4999.0,temporary_bank_failure,1,0.0,0,1,RETRY,0,0.0,1.0,5.0,0.2,-25.0,SYNTHETIC_TRAINING_DATA
rec_000282,82579,occasional,48955.17,0.15,False,sub_sim_82579,7,6,59999.0,invalid_payment_method,1,0.0,0,0,REQUEST_ALTERNATE_METHOD,0,0.0,36.0,20.0,1.5,-170.0,SYNTHETIC_TRAINING_DATA
rec_000283,48462,reliable,64743.31,0.04,False,sub_sim_48462,3,3,9999.0,invalid_payment_method,1,0.0,0,1,PAYMENT_LINK,0,0.0,24.0,15.0,1.0,-115.0,SYNTHETIC_TRAINING_DATA
rec_000284,2296,reliable,72059.23,0.04,False,sub_sim_2296,6,2,24999.0,temporary_bank_failure,1,0.0,0,0,REQUEST_ALTERNATE_METHOD,0,0.0,36.0,20.0,1.5,-170.0,SYNTHETIC_TRAINING_DATA
rec_000285,22766,reliable,89612.95,0.04,False,sub_sim_22766,9,2,2499.0,insufficient_funds,1,0.0,0,0,SEND_REMINDER,0,0.0,12.0,10.0,1.2,-130.0,SYNTHETIC_TRAINING_DATA
rec_000286,39410,reliable,66784.04,0.04,False,sub_sim_39410,2,3,9999.0,temporary_bank_failure,1,0.0,0,0,RETRY,0,0.0,1.0,5.0,0.2,-25.0,SYNTHETIC_TRAINING_DATA
rec_000287,28234,reliable,81588.52,0.04,False,sub_sim_28234,7,7,59999.0,insufficient_funds,1,0.0,0,0,PAYMENT_LINK,0,0.0,24.0,15.0,1.0,-115.0,SYNTHETIC_TRAINING_DATA
rec_000288,68053,reliable,35231.93,0.04,False,sub_sim_68053,9,4,999.0,invalid_payment_method,1,0.0,0,0,REQUEST_ALTERNATE_METHOD,0,0.0,36.0,20.0,1.5,-170.0,SYNTHETIC_TRAINING_DATA
rec_000289,51643,high_risk,21487.38,0.35,False,sub_sim_51643,3,5,59999.0,temporary_bank_failure,1,0.0,0,1,RETRY,1,59999.0,1.0,5.0,0.2,59974.0,SYNTHETIC_TRAINING_DATA
rec_000290,11112,reliable,40231.0,0.04,False,sub_sim_11112,3,4,4999.0,insufficient_funds,1,0.0,0,0,REQUEST_ALTERNATE_METHOD,0,0.0,36.0,20.0,1.5,-170.0,SYNTHETIC_TRAINING_DATA
rec_000291,42969,occasional,21784.94,0.15,False,sub_sim_42969,6,8,59999.0,temporary_bank_failure,1,0.0,0,0,STOP_RECOVERY,0,0.0,0.0,0.0,0.0,0.0,SYNTHETIC_TRAINING_DATA
rec_000292,30753,occasional,32190.44,0.15,False,sub_sim_30753,8,2,59999.0,insufficient_funds,1,0.0,0,0,RETRY,0,0.0,1.0,5.0,0.2,-75.0,SYNTHETIC_TRAINING_DATA
rec_000293,63221,reliable,24237.11,0.04,False,sub_sim_63221,3,5,2499.0,temporary_bank_failure,1,0.0,0,0,ESCALATE_TO_HUMAN,0,0.0,48.0,150.0,0.8,-230.0,SYNTHETIC_TRAINING_DATA
rec_000294,13380,reliable,39115.95,0.04,False,sub_sim_13380,4,9,9999.0,temporary_bank_failure,1,0.0,0,0,ESCALATE_TO_HUMAN,1,9999.0,48.0,150.0,0.8,9769.0,SYNTHETIC_TRAINING_DATA
rec_000295,38788,reliable,97018.24,0.04,False,sub_sim_38788,1,6,999.0,insufficient_funds,1,0.0,0,0,SEND_REMINDER,1,999.0,12.0,10.0,1.2,869.0,SYNTHETIC_TRAINING_DATA
rec_000296,33173,reliable,82165.61,0.04,False,sub_sim_33173,9,10,4999.0,insufficient_funds,1,0.0,0,0,WAIT,0,0.0,24.0,0.0,0.0,0.0,SYNTHETIC_TRAINING_DATA
rec_000297,54033,high_risk,14625.2,0.35,False,sub_sim_54033,6,4,2499.0,temporary_bank_failure,1,0.0,0,0,WAIT,0,0.0,6.0,0.0,0.0,0.0,SYNTHETIC_TRAINING_DATA
rec_000298,3310,high_risk,23536.24,0.35,False,sub_sim_3310,8,10,59999.0,insufficient_funds,1,0.0,0,1,SEND_REMINDER,0,0.0,12.0,10.0,1.2,-130.0,SYNTHETIC_TRAINING_DATA
rec_000299,6310,reliable,82071.1,0.04,False,sub_sim_6310,7,8,9999.0,insufficient_funds,1,0.0,0,0,RETRY,1,9999.0,1.0,5.0,0.2,9974.0,SYNTHETIC_TRAINING_DATA
rec_000300,94551,reliable,57880.89,0.04,False,sub_sim_94551,9,9,2499.0,temporary_bank_failure,1,0.0,0,0,RETRY,0,0.0,1.0,5.0,0.2,-25.0,SYNTHETIC_TRAINING_DATA
rec_000301,78634,reliable,31001.79,0.04,False,sub_sim_78634,2,3,999.0,invalid_payment_method,1,0.0,0,0,REQUEST_ALTERNATE_METHOD,1,999.0,36.0,20.0,1.5,829.0,SYNTHETIC_TRAINING_DATA
rec_000302,2885,reliable,41188.3,0.04,False,sub_sim_2885,1,4,2499.0,temporary_bank_failure,1,0.0,0,1,RETRY,1,2499.0,1.0,5.0,0.2,2474.0,SYNTHETIC_TRAINING_DATA
rec_000303,18704,reliable,97972.02,0.04,False,sub_sim_18704,4,10,2499.0,authentication_failed,1,0.0,0,0,RETRY,0,0.0,1.0,5.0,0.2,-75.0,SYNTHETIC_TRAINING_DATA
rec_000304,30370,reliable,83937.71,0.04,False,sub_sim_30370,2,3,999.0,authentication_failed,1,0.0,0,1,RETRY,0,0.0,1.0,5.0,0.2,-75.0,SYNTHETIC_TRAINING_DATA
rec_000305,55258,reliable,26329.49,0.04,False,sub_sim_55258,2,4,59999.0,temporary_bank_failure,1,0.0,0,0,ESCALATE_TO_HUMAN,0,0.0,48.0,150.0,0.8,-230.0,SYNTHETIC_TRAINING_DATA
rec_000306,68928,reliable,79157.08,0.04,False,sub_sim_68928,2,3,9999.0,invalid_payment_method,1,0.0,0,0,RETRY,0,0.0,1.0,5.0,0.2,-75.0,SYNTHETIC_TRAINING_DATA
rec_000307,25544,reliable,52059.36,0.04,False,sub_sim_25544,8,8,9999.0,temporary_bank_failure,1,0.0,0,0,REQUEST_ALTERNATE_METHOD,0,0.0,36.0,20.0,1.5,-170.0,SYNTHETIC_TRAINING_DATA
rec_000308,77869,reliable,83992.09,0.04,False,sub_sim_77869,3,8,24999.0,insufficient_funds,1,0.0,0,0,PAYMENT_LINK,0,0.0,24.0,15.0,1.0,-115.0,SYNTHETIC_TRAINING_DATA
rec_000309,34563,reliable,62733.11,0.04,False,sub_sim_34563,6,9,999.0,invalid_payment_method,1,0.0,0,0,REQUEST_ALTERNATE_METHOD,1,999.0,36.0,20.0,1.5,829.0,SYNTHETIC_TRAINING_DATA
rec_000310,59980,reliable,31217.67,0.04,False,sub_sim_59980,5,6,9999.0,temporary_bank_failure,1,0.0,0,1,RETRY,0,0.0,1.0,5.0,0.2,-25.0,SYNTHETIC_TRAINING_DATA
rec_000311,27569,reliable,82281.75,0.04,False,sub_sim_27569,6,2,24999.0,temporary_bank_failure,1,0.0,0,0,SEND_REMINDER,0,0.0,12.0,10.0,1.2,-130.0,SYNTHETIC_TRAINING_DATA
rec_000312,16405,reliable,79035.86,0.04,False,sub_sim_16405,7,4,2499.0,temporary_bank_failure,1,0.0,0,1,RETRY,0,0.0,1.0,5.0,0.2,-25.0,SYNTHETIC_TRAINING_DATA
rec_000313,71468,reliable,35518.8,0.04,False,sub_sim_71468,9,7,59999.0,insufficient_funds,1,0.0,0,0,SEND_REMINDER,0,0.0,12.0,10.0,1.2,-130.0,SYNTHETIC_TRAINING_DATA
rec_000314,49153,reliable,78239.05,0.04,False,sub_sim_49153,5,6,4999.0,temporary_bank_failure,1,0.0,0,1,RETRY,1,4999.0,1.0,5.0,0.2,4974.0,SYNTHETIC_TRAINING_DATA
rec_000315,3205,reliable,70124.16,0.04,False,sub_sim_3205,3,10,2499.0,invalid_payment_method,1,0.0,0,0,WAIT,0,0.0,24.0,0.0,0.0,0.0,SYNTHETIC_TRAINING_DATA
rec_000316,62889,reliable,30575.24,0.04,False,sub_sim_62889,9,4,59999.0,temporary_bank_failure,1,0.0,0,0,REQUEST_ALTERNATE_METHOD,0,0.0,36.0,20.0,1.5,-170.0,SYNTHETIC_TRAINING_DATA
rec_000317,74588,reliable,53764.44,0.04,False,sub_sim_74588,6,9,2499.0,temporary_bank_failure,1,0.0,0,1,RETRY,0,0.0,1.0,5.0,0.2,-25.0,SYNTHETIC_TRAINING_DATA
rec_000318,50362,reliable,53470.58,0.04,False,sub_sim_50362,9,6,9999.0,invalid_payment_method,1,0.0,0,1,REQUEST_ALTERNATE_METHOD,1,9999.0,36.0,20.0,1.5,9829.0,SYNTHETIC_TRAINING_DATA
rec_000319,88919,occasional,45837.83,0.15,False,sub_sim_88919,6,8,4999.0,temporary_bank_failure,1,0.0,0,0,ESCALATE_TO_HUMAN,1,4999.0,48.0,150.0,0.8,4769.0,SYNTHETIC_TRAINING_DATA
rec_000320,72170,reliable,35611.45,0.04,False,sub_sim_72170,2,4,9999.0,card_expired,1,0.0,0,0,REQUEST_ALTERNATE_METHOD,1,9999.0,36.0,20.0,1.5,9829.0,SYNTHETIC_TRAINING_DATA
rec_000321,75212,reliable,36902.56,0.04,False,sub_sim_75212,1,10,9999.0,insufficient_funds,1,0.0,0,0,PAYMENT_LINK,0,0.0,24.0,15.0,1.0,-115.0,SYNTHETIC_TRAINING_DATA
rec_000322,9625,high_risk,15303.51,0.35,False,sub_sim_9625,2,8,24999.0,temporary_bank_failure,1,0.0,0,0,RETRY,0,0.0,1.0,5.0,0.2,-25.0,SYNTHETIC_TRAINING_DATA
rec_000323,56098,reliable,20713.99,0.04,False,sub_sim_56098,2,9,9999.0,insufficient_funds,1,0.0,0,0,RETRY,0,0.0,1.0,5.0,0.2,-75.0,SYNTHETIC_TRAINING_DATA
rec_000324,10507,occasional,35164.11,0.15,False,sub_sim_10507,2,2,9999.0,temporary_bank_failure,1,0.0,0,0,RETRY,1,9999.0,1.0,5.0,0.2,9974.0,SYNTHETIC_TRAINING_DATA
rec_000325,4054,reliable,22051.14,0.04,False,sub_sim_4054,5,5,59999.0,insufficient_funds,1,0.0,0,0,RETRY,0,0.0,1.0,5.0,0.2,-75.0,SYNTHETIC_TRAINING_DATA
rec_000326,74180,high_risk,19880.03,0.35,False,sub_sim_74180,5,2,9999.0,insufficient_funds,1,0.0,0,0,SEND_REMINDER,0,0.0,12.0,10.0,1.2,-130.0,SYNTHETIC_TRAINING_DATA
rec_000327,99226,reliable,67901.55,0.04,False,sub_sim_99226,5,9,9999.0,temporary_bank_failure,1,0.0,0,0,RETRY,0,0.0,1.0,5.0,0.2,-25.0,SYNTHETIC_TRAINING_DATA
rec_000328,77015,reliable,45527.82,0.04,False,sub_sim_77015,3,2,9999.0,insufficient_funds,1,0.0,0,0,PAYMENT_LINK,1,9999.0,24.0,15.0,1.0,9884.0,SYNTHETIC_TRAINING_DATA
rec_000329,35278,occasional,14612.55,0.15,False,sub_sim_35278,6,8,9999.0,temporary_bank_failure,1,0.0,0,0,RETRY,0,0.0,1.0,5.0,0.2,-25.0,SYNTHETIC_TRAINING_DATA
rec_000330,94255,occasional,26909.49,0.15,False,sub_sim_94255,1,2,59999.0,insufficient_funds,1,0.0,0,0,PAYMENT_LINK,0,0.0,24.0,15.0,1.0,-115.0,SYNTHETIC_TRAINING_DATA
rec_000331,60340,reliable,35424.19,0.04,False,sub_sim_60340,1,5,24999.0,invalid_payment_method,1,0.0,0,0,STOP_RECOVERY,0,0.0,0.0,0.0,0.0,0.0,SYNTHETIC_TRAINING_DATA
rec_000332,58370,reliable,83510.05,0.04,False,sub_sim_58370,1,9,24999.0,insufficient_funds,1,0.0,0,0,RETRY,0,0.0,1.0,5.0,0.2,-75.0,SYNTHETIC_TRAINING_DATA
rec_000333,75780,reliable,41114.38,0.04,False,sub_sim_75780,9,2,2499.0,network_error,1,0.0,0,0,RETRY,0,0.0,1.0,5.0,0.2,-25.0,SYNTHETIC_TRAINING_DATA
rec_000334,29142,high_risk,15032.92,0.35,False,sub_sim_29142,3,7,24999.0,network_error,1,0.0,0,1,WAIT,0,0.0,24.0,0.0,0.0,0.0,SYNTHETIC_TRAINING_DATA
rec_000335,37259,reliable,27677.13,0.04,False,sub_sim_37259,1,5,59999.0,insufficient_funds,1,0.0,0,1,PAYMENT_LINK,1,59999.0,24.0,15.0,1.0,59884.0,SYNTHETIC_TRAINING_DATA
rec_000336,80564,reliable,38193.38,0.04,False,sub_sim_80564,2,7,24999.0,insufficient_funds,1,0.0,0,1,PAYMENT_LINK,1,24999.0,24.0,15.0,1.0,24884.0,SYNTHETIC_TRAINING_DATA
rec_000337,65965,reliable,31576.37,0.04,False,sub_sim_65965,1,5,9999.0,invalid_payment_method,1,0.0,0,0,RETRY,0,0.0,1.0,5.0,0.2,-75.0,SYNTHETIC_TRAINING_DATA
rec_000338,69138,reliable,29929.59,0.04,False,sub_sim_69138,4,6,4999.0,temporary_bank_failure,1,0.0,0,1,RETRY,0,0.0,1.0,5.0,0.2,-25.0,SYNTHETIC_TRAINING_DATA
rec_000339,56028,reliable,73074.11,0.04,False,sub_sim_56028,9,3,9999.0,temporary_bank_failure,1,0.0,0,0,RETRY,1,9999.0,1.0,5.0,0.2,9974.0,SYNTHETIC_TRAINING_DATA
rec_000340,78540,high_risk,22805.88,0.35,False,sub_sim_78540,6,10,4999.0,temporary_bank_failure,1,0.0,0,0,PAYMENT_LINK,0,0.0,24.0,15.0,1.0,-115.0,SYNTHETIC_TRAINING_DATA
rec_000341,3314,reliable,85788.09,0.04,False,sub_sim_3314,8,2,2499.0,temporary_bank_failure,1,0.0,0,1,RETRY,0,0.0,1.0,5.0,0.2,-25.0,SYNTHETIC_TRAINING_DATA
rec_000342,27729,occasional,43025.26,0.15,False,sub_sim_27729,7,6,2499.0,temporary_bank_failure,1,0.0,0,1,RETRY,0,0.0,1.0,5.0,0.2,-25.0,SYNTHETIC_TRAINING_DATA
rec_000343,17527,high_risk,17781.44,0.35,False,sub_sim_17527,8,5,2499.0,temporary_bank_failure,1,0.0,0,1,RETRY,0,0.0,1.0,5.0,0.2,-25.0,SYNTHETIC_TRAINING_DATA
rec_000344,93260,reliable,33799.96,0.04,False,sub_sim_93260,8,7,24999.0,invalid_payment_method,1,0.0,0,0,REQUEST_ALTERNATE_METHOD,1,24999.0,36.0,20.0,1.5,24829.0,SYNTHETIC_TRAINING_DATA
rec_000345,34455,reliable,82021.22,0.04,False,sub_sim_34455,7,6,2499.0,insufficient_funds,1,0.0,0,0,SEND_REMINDER,0,0.0,12.0,10.0,1.2,-130.0,SYNTHETIC_TRAINING_DATA
rec_000346,36941,reliable,56360.41,0.04,False,sub_sim_36941,8,6,999.0,insufficient_funds,1,0.0,0,0,RETRY,0,0.0,1.0,5.0,0.2,-75.0,SYNTHETIC_TRAINING_DATA
rec_000347,50225,occasional,41698.64,0.15,False,sub_sim_50225,2,4,4999.0,card_expired,1,0.0,0,0,REQUEST_ALTERNATE_METHOD,1,4999.0,36.0,20.0,1.5,4829.0,SYNTHETIC_TRAINING_DATA
rec_000348,18091,reliable,53650.34,0.04,False,sub_sim_18091,6,7,2499.0,authentication_failed,1,0.0,0,1,PAYMENT_LINK,0,0.0,24.0,15.0,1.0,-115.0,SYNTHETIC_TRAINING_DATA
rec_000349,64522,high_risk,19687.61,0.35,False,sub_sim_64522,5,7,4999.0,insufficient_funds,1,0.0,0,0,PAYMENT_LINK,1,4999.0,24.0,15.0,1.0,4884.0,SYNTHETIC_TRAINING_DATA
rec_000350,18182,high_risk,15990.27,0.35,False,sub_sim_18182,8,8,999.0,insufficient_funds,1,0.0,0,0,SEND_REMINDER,0,0.0,12.0,10.0,1.2,-130.0,SYNTHETIC_TRAINING_DATA
rec_000351,92039,reliable,93107.31,0.04,False,sub_sim_92039,2,2,24999.0,temporary_bank_failure,1,0.0,0,0,RETRY,0,0.0,1.0,5.0,0.2,-25.0,SYNTHETIC_TRAINING_DATA
rec_000352,68745,reliable,84933.9,0.04,False,sub_sim_68745,2,4,24999.0,insufficient_funds,1,0.0,0,0,PAYMENT_LINK,1,24999.0,24.0,15.0,1.0,24884.0,SYNTHETIC_TRAINING_DATA
rec_000353,27782,reliable,60895.81,0.04,False,sub_sim_27782,7,2,4999.0,insufficient_funds,1,0.0,0,1,SEND_REMINDER,1,4999.0,12.0,10.0,1.2,4869.0,SYNTHETIC_TRAINING_DATA
rec_000354,45970,reliable,91260.8,0.04,False,sub_sim_45970,5,6,4999.0,invalid_payment_method,1,0.0,0,0,RETRY,0,0.0,1.0,5.0,0.2,-75.0,SYNTHETIC_TRAINING_DATA
rec_000355,63928,reliable,83616.17,0.04,False,sub_sim_63928,2,9,2499.0,insufficient_funds,1,0.0,0,1,PAYMENT_LINK,1,2499.0,24.0,15.0,1.0,2384.0,SYNTHETIC_TRAINING_DATA
rec_000356,91737,occasional,31314.44,0.15,False,sub_sim_91737,3,5,24999.0,temporary_bank_failure,1,0.0,0,0,WAIT,0,0.0,6.0,0.0,0.0,0.0,SYNTHETIC_TRAINING_DATA
rec_000357,91291,reliable,56408.88,0.04,False,sub_sim_91291,6,5,59999.0,temporary_bank_failure,1,0.0,0,1,RETRY,1,59999.0,1.0,5.0,0.2,59974.0,SYNTHETIC_TRAINING_DATA
rec_000358,96195,occasional,32623.29,0.15,False,sub_sim_96195,5,7,4999.0,invalid_payment_method,1,0.0,0,1,WAIT,0,0.0,24.0,0.0,0.0,0.0,SYNTHETIC_TRAINING_DATA
rec_000359,79328,reliable,98182.14,0.04,False,sub_sim_79328,4,4,999.0,temporary_bank_failure,1,0.0,0,0,RETRY,0,0.0,1.0,5.0,0.2,-25.0,SYNTHETIC_TRAINING_DATA
rec_000360,43545,reliable,24666.31,0.04,False,sub_sim_43545,8,6,24999.0,insufficient_funds,1,0.0,0,0,RETRY,0,0.0,1.0,5.0,0.2,-75.0,SYNTHETIC_TRAINING_DATA
rec_000361,72550,occasional,19667.39,0.15,False,sub_sim_72550,3,9,24999.0,temporary_bank_failure,1,0.0,0,1,ESCALATE_TO_HUMAN,0,0.0,48.0,150.0,0.8,-230.0,SYNTHETIC_TRAINING_DATA
rec_000362,66510,high_risk,10543.59,0.35,False,sub_sim_66510,9,2,59999.0,temporary_bank_failure,1,0.0,0,0,RETRY,0,0.0,1.0,5.0,0.2,-25.0,SYNTHETIC_TRAINING_DATA
rec_000363,92430,reliable,44348.77,0.04,False,sub_sim_92430,6,3,24999.0,temporary_bank_failure,1,0.0,0,1,PAYMENT_LINK,1,24999.0,24.0,15.0,1.0,24884.0,SYNTHETIC_TRAINING_DATA
rec_000364,35542,reliable,75775.27,0.04,False,sub_sim_35542,8,6,9999.0,insufficient_funds,1,0.0,0,1,SEND_REMINDER,0,0.0,12.0,10.0,1.2,-130.0,SYNTHETIC_TRAINING_DATA
rec_000365,81946,reliable,98447.55,0.04,False,sub_sim_81946,5,2,4999.0,invalid_payment_method,1,0.0,0,0,RETRY,0,0.0,1.0,5.0,0.2,-75.0,SYNTHETIC_TRAINING_DATA
rec_000366,18965,reliable,98547.79,0.04,False,sub_sim_18965,5,3,4999.0,temporary_bank_failure,1,0.0,0,0,RETRY,0,0.0,1.0,5.0,0.2,-25.0,SYNTHETIC_TRAINING_DATA
rec_000367,35970,reliable,36867.22,0.04,False,sub_sim_35970,1,3,59999.0,insufficient_funds,1,0.0,0,0,REQUEST_ALTERNATE_METHOD,0,0.0,36.0,20.0,1.5,-170.0,SYNTHETIC_TRAINING_DATA
rec_000368,14104,reliable,20842.33,0.04,False,sub_sim_14104,8,8,24999.0,temporary_bank_failure,1,0.0,0,0,RETRY,0,0.0,1.0,5.0,0.2,-25.0,SYNTHETIC_TRAINING_DATA
rec_000369,36913,occasional,44181.07,0.15,False,sub_sim_36913,5,9,24999.0,invalid_payment_method,1,0.0,0,0,PAYMENT_LINK,1,24999.0,24.0,15.0,1.0,24884.0,SYNTHETIC_TRAINING_DATA
rec_000370,22042,high_risk,24951.79,0.35,False,sub_sim_22042,1,10,24999.0,insufficient_funds,1,0.0,0,0,PAYMENT_LINK,0,0.0,24.0,15.0,1.0,-115.0,SYNTHETIC_TRAINING_DATA
rec_000371,86363,reliable,32970.81,0.04,False,sub_sim_86363,1,9,999.0,card_expired,1,0.0,0,0,REQUEST_ALTERNATE_METHOD,1,999.0,36.0,20.0,1.5,829.0,SYNTHETIC_TRAINING_DATA
rec_000372,28620,reliable,22568.27,0.04,False,sub_sim_28620,1,9,4999.0,invalid_payment_method,1,0.0,0,1,RETRY,0,0.0,1.0,5.0,0.2,-75.0,SYNTHETIC_TRAINING_DATA
rec_000373,98728,reliable,64054.42,0.04,False,sub_sim_98728,5,3,999.0,card_expired,1,0.0,0,0,REQUEST_ALTERNATE_METHOD,1,999.0,36.0,20.0,1.5,829.0,SYNTHETIC_TRAINING_DATA
rec_000374,36337,occasional,43469.17,0.15,False,sub_sim_36337,5,3,2499.0,network_error,1,0.0,0,0,RETRY,0,0.0,1.0,5.0,0.2,-25.0,SYNTHETIC_TRAINING_DATA
rec_000375,63704,reliable,40106.94,0.04,False,sub_sim_63704,6,9,4999.0,invalid_payment_method,1,0.0,0,0,REQUEST_ALTERNATE_METHOD,0,0.0,36.0,20.0,1.5,-170.0,SYNTHETIC_TRAINING_DATA
rec_000376,17891,reliable,84790.72,0.04,False,sub_sim_17891,4,3,4999.0,temporary_bank_failure,1,0.0,0,0,PAYMENT_LINK,0,0.0,24.0,15.0,1.0,-115.0,SYNTHETIC_TRAINING_DATA
rec_000377,53529,high_risk,9481.77,0.35,False,sub_sim_53529,3,8,999.0,network_error,1,0.0,0,0,RETRY,0,0.0,1.0,5.0,0.2,-25.0,SYNTHETIC_TRAINING_DATA
rec_000378,77666,occasional,28673.99,0.15,False,sub_sim_77666,2,8,2499.0,temporary_bank_failure,1,0.0,0,0,RETRY,0,0.0,1.0,5.0,0.2,-25.0,SYNTHETIC_TRAINING_DATA
rec_000379,62273,high_risk,24785.83,0.35,False,sub_sim_62273,4,5,999.0,invalid_payment_method,1,0.0,0,1,PAYMENT_LINK,1,999.0,24.0,15.0,1.0,884.0,SYNTHETIC_TRAINING_DATA
rec_000380,15137,reliable,41619.38,0.04,False,sub_sim_15137,1,2,59999.0,temporary_bank_failure,1,0.0,0,0,SEND_REMINDER,0,0.0,12.0,10.0,1.2,-130.0,SYNTHETIC_TRAINING_DATA
rec_000381,26306,reliable,53260.22,0.04,False,sub_sim_26306,3,2,9999.0,insufficient_funds,1,0.0,0,1,RETRY,0,0.0,1.0,5.0,0.2,-75.0,SYNTHETIC_TRAINING_DATA
rec_000382,51801,reliable,97133.98,0.04,False,sub_sim_51801,5,3,2499.0,temporary_bank_failure,1,0.0,0,0,SEND_REMINDER,0,0.0,12.0,10.0,1.2,-130.0,SYNTHETIC_TRAINING_DATA
rec_000383,32520,reliable,41915.58,0.04,False,sub_sim_32520,8,7,9999.0,temporary_bank_failure,1,0.0,0,0,RETRY,0,0.0,1.0,5.0,0.2,-25.0,SYNTHETIC_TRAINING_DATA
rec_000384,22674,reliable,27875.28,0.04,False,sub_sim_22674,7,7,24999.0,temporary_bank_failure,1,0.0,0,0,RETRY,0,0.0,1.0,5.0,0.2,-25.0,SYNTHETIC_TRAINING_DATA
rec_000385,8695,reliable,28328.39,0.04,False,sub_sim_8695,4,2,24999.0,invalid_payment_method,1,0.0,0,0,REQUEST_ALTERNATE_METHOD,0,0.0,36.0,20.0,1.5,-170.0,SYNTHETIC_TRAINING_DATA
rec_000386,99594,high_risk,20730.17,0.35,False,sub_sim_99594,6,10,999.0,insufficient_funds,1,0.0,0,0,RETRY,0,0.0,1.0,5.0,0.2,-75.0,SYNTHETIC_TRAINING_DATA
rec_000387,28633,reliable,69499.32,0.04,False,sub_sim_28633,3,10,4999.0,insufficient_funds,1,0.0,0,0,STOP_RECOVERY,0,0.0,0.0,0.0,0.0,0.0,SYNTHETIC_TRAINING_DATA
rec_000388,9973,reliable,75315.52,0.04,False,sub_sim_9973,9,9,999.0,temporary_bank_failure,1,0.0,0,0,RETRY,1,999.0,1.0,5.0,0.2,974.0,SYNTHETIC_TRAINING_DATA
rec_000389,12824,occasional,49040.03,0.15,False,sub_sim_12824,8,8,4999.0,temporary_bank_failure,1,0.0,0,1,RETRY,0,0.0,1.0,5.0,0.2,-25.0,SYNTHETIC_TRAINING_DATA
rec_000390,77637,occasional,32260.33,0.15,False,sub_sim_77637,6,5,9999.0,network_error,1,0.0,0,0,RETRY,1,9999.0,1.0,5.0,0.2,9974.0,SYNTHETIC_TRAINING_DATA
rec_000391,75763,reliable,29003.01,0.04,False,sub_sim_75763,7,6,59999.0,insufficient_funds,1,0.0,0,1,PAYMENT_LINK,0,0.0,24.0,15.0,1.0,-115.0,SYNTHETIC_TRAINING_DATA
rec_000392,27811,reliable,39674.55,0.04,False,sub_sim_27811,8,8,59999.0,temporary_bank_failure,1,0.0,0,0,RETRY,0,0.0,1.0,5.0,0.2,-25.0,SYNTHETIC_TRAINING_DATA
rec_000393,88652,reliable,28385.13,0.04,False,sub_sim_88652,5,2,59999.0,temporary_bank_failure,1,0.0,0,1,RETRY,0,0.0,1.0,5.0,0.2,-25.0,SYNTHETIC_TRAINING_DATA
rec_000394,66784,reliable,36125.19,0.04,False,sub_sim_66784,5,10,4999.0,network_error,1,0.0,0,0,PAYMENT_LINK,0,0.0,24.0,15.0,1.0,-115.0,SYNTHETIC_TRAINING_DATA
rec_000395,81397,reliable,29962.01,0.04,False,sub_sim_81397,9,9,24999.0,authentication_failed,1,0.0,0,0,PAYMENT_LINK,0,0.0,24.0,15.0,1.0,-115.0,SYNTHETIC_TRAINING_DATA
rec_000396,57917,occasional,26312.78,0.15,False,sub_sim_57917,9,5,59999.0,temporary_bank_failure,1,0.0,0,0,RETRY,0,0.0,1.0,5.0,0.2,-25.0,SYNTHETIC_TRAINING_DATA
rec_000397,92579,reliable,79000.76,0.04,False,sub_sim_92579,8,8,4999.0,network_error,1,0.0,0,0,REQUEST_ALTERNATE_METHOD,0,0.0,36.0,20.0,1.5,-170.0,SYNTHETIC_TRAINING_DATA
rec_000398,46179,reliable,93953.69,0.04,False,sub_sim_46179,6,10,59999.0,network_error,1,0.0,0,0,RETRY,0,0.0,1.0,5.0,0.2,-25.0,SYNTHETIC_TRAINING_DATA
rec_000399,13962,reliable,49815.81,0.04,False,sub_sim_13962,8,10,4999.0,temporary_bank_failure,1,0.0,0,1,RETRY,0,0.0,1.0,5.0,0.2,-25.0,SYNTHETIC_TRAINING_DATA
rec_000400,59558,reliable,64755.26,0.04,False,sub_sim_59558,9,7,999.0,temporary_bank_failure,1,0.0,0,0,RETRY,1,999.0,1.0,5.0,0.2,974.0,SYNTHETIC_TRAINING_DATA
rec_000401,54880,occasional,13943.12,0.15,False,sub_sim_54880,3,7,999.0,temporary_bank_failure,1,0.0,0,0,RETRY,0,0.0,1.0,5.0,0.2,-25.0,SYNTHETIC_TRAINING_DATA
rec_000402,18165,reliable,74895.26,0.04,False,sub_sim_18165,8,8,999.0,network_error,1,0.0,0,0,PAYMENT_LINK,0,0.0,24.0,15.0,1.0,-115.0,SYNTHETIC_TRAINING_DATA
rec_000403,69104,reliable,76395.26,0.04,False,sub_sim_69104,8,2,2499.0,insufficient_funds,1,0.0,0,1,PAYMENT_LINK,1,2499.0,24.0,15.0,1.0,2384.0,SYNTHETIC_TRAINING_DATA
rec_000404,20654,reliable,77686.19,0.04,False,sub_sim_20654,5,6,9999.0,insufficient_funds,1,0.0,0,0,PAYMENT_LINK,0,0.0,24.0,15.0,1.0,-115.0,SYNTHETIC_TRAINING_DATA
rec_000405,7947,occasional,24978.23,0.15,False,sub_sim_7947,1,4,9999.0,invalid_payment_method,1,0.0,0,0,REQUEST_ALTERNATE_METHOD,1,9999.0,36.0,20.0,1.5,9829.0,SYNTHETIC_TRAINING_DATA
rec_000406,48734,reliable,52092.96,0.04,False,sub_sim_48734,7,9,59999.0,insufficient_funds,1,0.0,0,0,PAYMENT_LINK,0,0.0,24.0,15.0,1.0,-115.0,SYNTHETIC_TRAINING_DATA
rec_000407,75589,reliable,54909.08,0.04,False,sub_sim_75589,4,9,4999.0,invalid_payment_method,1,0.0,0,1,ESCALATE_TO_HUMAN,1,4999.0,48.0,150.0,0.8,4769.0,SYNTHETIC_TRAINING_DATA
rec_000408,85672,reliable,98627.24,0.04,False,sub_sim_85672,1,4,24999.0,temporary_bank_failure,1,0.0,0,0,RETRY,1,24999.0,1.0,5.0,0.2,24974.0,SYNTHETIC_TRAINING_DATA
rec_000409,3217,reliable,90743.59,0.04,False,sub_sim_3217,2,4,4999.0,insufficient_funds,1,0.0,0,0,PAYMENT_LINK,1,4999.0,24.0,15.0,1.0,4884.0,SYNTHETIC_TRAINING_DATA
rec_000410,75194,reliable,93061.18,0.04,False,sub_sim_75194,7,7,59999.0,insufficient_funds,1,0.0,0,1,WAIT,0,0.0,24.0,0.0,0.0,0.0,SYNTHETIC_TRAINING_DATA
rec_000411,61930,reliable,83282.87,0.04,False,sub_sim_61930,5,2,2499.0,temporary_bank_failure,1,0.0,0,1,PAYMENT_LINK,1,2499.0,24.0,15.0,1.0,2384.0,SYNTHETIC_TRAINING_DATA
rec_000412,73203,reliable,56465.1,0.04,False,sub_sim_73203,8,8,24999.0,temporary_bank_failure,1,0.0,0,0,REQUEST_ALTERNATE_METHOD,0,0.0,36.0,20.0,1.5,-170.0,SYNTHETIC_TRAINING_DATA
rec_000413,40408,reliable,42144.03,0.04,False,sub_sim_40408,2,5,2499.0,temporary_bank_failure,1,0.0,0,0,RETRY,1,2499.0,1.0,5.0,0.2,2474.0,SYNTHETIC_TRAINING_DATA
rec_000414,73011,high_risk,5843.77,0.35,False,sub_sim_73011,9,8,9999.0,temporary_bank_failure,1,0.0,0,1,RETRY,0,0.0,1.0,5.0,0.2,-25.0,SYNTHETIC_TRAINING_DATA
rec_000415,35935,reliable,29924.54,0.04,False,sub_sim_35935,7,7,24999.0,temporary_bank_failure,1,0.0,0,0,RETRY,0,0.0,1.0,5.0,0.2,-25.0,SYNTHETIC_TRAINING_DATA
rec_000416,28634,occasional,13002.54,0.15,False,sub_sim_28634,6,9,4999.0,invalid_payment_method,1,0.0,0,0,STOP_RECOVERY,0,0.0,0.0,0.0,0.0,0.0,SYNTHETIC_TRAINING_DATA
rec_000417,29124,reliable,27211.29,0.04,False,sub_sim_29124,7,10,999.0,insufficient_funds,1,0.0,0,0,RETRY,0,0.0,1.0,5.0,0.2,-75.0,SYNTHETIC_TRAINING_DATA
rec_000418,38384,reliable,45507.8,0.04,False,sub_sim_38384,3,9,9999.0,insufficient_funds,1,0.0,0,0,PAYMENT_LINK,1,9999.0,24.0,15.0,1.0,9884.0,SYNTHETIC_TRAINING_DATA
rec_000419,21725,occasional,36476.89,0.15,False,sub_sim_21725,5,5,24999.0,invalid_payment_method,1,0.0,0,1,REQUEST_ALTERNATE_METHOD,1,24999.0,36.0,20.0,1.5,24829.0,SYNTHETIC_TRAINING_DATA
rec_000420,99097,reliable,20445.25,0.04,False,sub_sim_99097,5,9,4999.0,insufficient_funds,1,0.0,0,0,SEND_REMINDER,0,0.0,12.0,10.0,1.2,-130.0,SYNTHETIC_TRAINING_DATA
rec_000421,66057,reliable,51737.08,0.04,False,sub_sim_66057,9,3,9999.0,insufficient_funds,1,0.0,0,0,SEND_REMINDER,0,0.0,12.0,10.0,1.2,-130.0,SYNTHETIC_TRAINING_DATA
rec_000422,71225,reliable,41889.86,0.04,False,sub_sim_71225,9,4,59999.0,temporary_bank_failure,1,0.0,0,1,RETRY,0,0.0,1.0,5.0,0.2,-25.0,SYNTHETIC_TRAINING_DATA
rec_000423,15408,reliable,99702.7,0.04,False,sub_sim_15408,2,5,59999.0,insufficient_funds,1,0.0,0,0,SEND_REMINDER,0,0.0,12.0,10.0,1.2,-130.0,SYNTHETIC_TRAINING_DATA
rec_000424,26108,reliable,76971.97,0.04,False,sub_sim_26108,4,7,2499.0,invalid_payment_method,1,0.0,0,0,SEND_REMINDER,0,0.0,12.0,10.0,1.2,-130.0,SYNTHETIC_TRAINING_DATA
rec_000425,50658,reliable,66513.58,0.04,False,sub_sim_50658,8,4,2499.0,insufficient_funds,1,0.0,0,0,PAYMENT_LINK,1,2499.0,24.0,15.0,1.0,2384.0,SYNTHETIC_TRAINING_DATA
rec_000426,20192,reliable,84686.83,0.04,False,sub_sim_20192,4,6,24999.0,insufficient_funds,1,0.0,0,0,SEND_REMINDER,0,0.0,12.0,10.0,1.2,-130.0,SYNTHETIC_TRAINING_DATA
rec_000427,8130,high_risk,13019.4,0.35,False,sub_sim_8130,4,6,999.0,insufficient_funds,1,0.0,0,1,PAYMENT_LINK,0,0.0,24.0,15.0,1.0,-115.0,SYNTHETIC_TRAINING_DATA
rec_000428,1351,high_risk,9465.03,0.35,False,sub_sim_1351,3,10,4999.0,insufficient_funds,1,0.0,0,0,SEND_REMINDER,0,0.0,12.0,10.0,1.2,-130.0,SYNTHETIC_TRAINING_DATA
rec_000429,86981,reliable,34671.04,0.04,False,sub_sim_86981,3,2,24999.0,insufficient_funds,1,0.0,0,0,RETRY,0,0.0,1.0,5.0,0.2,-75.0,SYNTHETIC_TRAINING_DATA
rec_000430,28857,reliable,30255.07,0.04,False,sub_sim_28857,9,2,2499.0,temporary_bank_failure,1,0.0,0,0,ESCALATE_TO_HUMAN,0,0.0,48.0,150.0,0.8,-230.0,SYNTHETIC_TRAINING_DATA
rec_000431,28612,reliable,83548.32,0.04,False,sub_sim_28612,1,7,999.0,insufficient_funds,1,0.0,0,0,SEND_REMINDER,0,0.0,12.0,10.0,1.2,-130.0,SYNTHETIC_TRAINING_DATA
rec_000432,33174,reliable,49884.94,0.04,False,sub_sim_33174,3,10,999.0,temporary_bank_failure,1,0.0,0,1,RETRY,1,999.0,1.0,5.0,0.2,974.0,SYNTHETIC_TRAINING_DATA
rec_000433,26968,reliable,78685.13,0.04,False,sub_sim_26968,4,10,999.0,insufficient_funds,1,0.0,0,0,PAYMENT_LINK,0,0.0,24.0,15.0,1.0,-115.0,SYNTHETIC_TRAINING_DATA
rec_000434,43128,reliable,28052.61,0.04,False,sub_sim_43128,9,7,2499.0,temporary_bank_failure,1,0.0,0,0,RETRY,0,0.0,1.0,5.0,0.2,-25.0,SYNTHETIC_TRAINING_DATA
rec_000435,77744,reliable,99006.77,0.04,False,sub_sim_77744,2,6,999.0,temporary_bank_failure,1,0.0,0,0,RETRY,1,999.0,1.0,5.0,0.2,974.0,SYNTHETIC_TRAINING_DATA
rec_000436,62618,reliable,65149.42,0.04,False,sub_sim_62618,6,5,4999.0,temporary_bank_failure,1,0.0,0,1,RETRY,1,4999.0,1.0,5.0,0.2,4974.0,SYNTHETIC_TRAINING_DATA
rec_000437,22240,reliable,40554.83,0.04,False,sub_sim_22240,2,4,59999.0,insufficient_funds,1,0.0,0,0,ESCALATE_TO_HUMAN,0,0.0,48.0,150.0,0.8,-230.0,SYNTHETIC_TRAINING_DATA
rec_000438,70742,reliable,42276.83,0.04,False,sub_sim_70742,9,2,999.0,insufficient_funds,1,0.0,0,1,SEND_REMINDER,0,0.0,12.0,10.0,1.2,-130.0,SYNTHETIC_TRAINING_DATA
rec_000439,78201,reliable,52970.98,0.04,False,sub_sim_78201,9,10,24999.0,temporary_bank_failure,1,0.0,0,0,RETRY,0,0.0,1.0,5.0,0.2,-25.0,SYNTHETIC_TRAINING_DATA
rec_000440,56251,reliable,42144.45,0.04,False,sub_sim_56251,8,4,2499.0,temporary_bank_failure,1,0.0,0,1,RETRY,0,0.0,1.0,5.0,0.2,-25.0,SYNTHETIC_TRAINING_DATA
rec_000441,3323,reliable,81376.99,0.04,False,sub_sim_3323,8,10,59999.0,invalid_payment_method,1,0.0,0,1,WAIT,0,0.0,24.0,0.0,0.0,0.0,SYNTHETIC_TRAINING_DATA
rec_000442,19964,reliable,57222.3,0.04,False,sub_sim_19964,5,5,24999.0,temporary_bank_failure,1,0.0,0,0,PAYMENT_LINK,1,24999.0,24.0,15.0,1.0,24884.0,SYNTHETIC_TRAINING_DATA
rec_000443,96325,high_risk,22501.9,0.35,False,sub_sim_96325,3,8,2499.0,insufficient_funds,1,0.0,0,0,STOP_RECOVERY,0,0.0,0.0,0.0,0.0,0.0,SYNTHETIC_TRAINING_DATA
rec_000444,93294,reliable,65725.11,0.04,False,sub_sim_93294,6,5,59999.0,temporary_bank_failure,1,0.0,0,0,RETRY,0,0.0,1.0,5.0,0.2,-25.0,SYNTHETIC_TRAINING_DATA
rec_000445,36588,high_risk,5404.09,0.35,False,sub_sim_36588,7,6,2499.0,authentication_failed,1,0.0,0,0,RETRY,0,0.0,1.0,5.0,0.2,-75.0,SYNTHETIC_TRAINING_DATA
rec_000446,58608,reliable,90261.44,0.04,False,sub_sim_58608,4,4,59999.0,insufficient_funds,1,0.0,0,0,SEND_REMINDER,0,0.0,12.0,10.0,1.2,-130.0,SYNTHETIC_TRAINING_DATA
rec_000447,93971,reliable,91897.73,0.04,False,sub_sim_93971,5,4,24999.0,temporary_bank_failure,1,0.0,0,0,RETRY,0,0.0,1.0,5.0,0.2,-25.0,SYNTHETIC_TRAINING_DATA
rec_000448,96567,occasional,36057.23,0.15,False,sub_sim_96567,4,8,999.0,insufficient_funds,1,0.0,0,0,STOP_RECOVERY,0,0.0,0.0,0.0,0.0,0.0,SYNTHETIC_TRAINING_DATA
rec_000449,50929,reliable,84286.76,0.04,False,sub_sim_50929,2,9,59999.0,temporary_bank_failure,1,0.0,0,0,RETRY,0,0.0,1.0,5.0,0.2,-25.0,SYNTHETIC_TRAINING_DATA
rec_000450,36044,high_risk,11206.17,0.35,False,sub_sim_36044,1,2,59999.0,temporary_bank_failure,1,0.0,0,1,RETRY,0,0.0,1.0,5.0,0.2,-25.0,SYNTHETIC_TRAINING_DATA
rec_000451,97939,occasional,32370.03,0.15,False,sub_sim_97939,4,5,9999.0,invalid_payment_method,1,0.0,0,0,RETRY,0,0.0,1.0,5.0,0.2,-75.0,SYNTHETIC_TRAINING_DATA
rec_000452,96397,occasional,37579.42,0.15,False,sub_sim_96397,7,5,999.0,invalid_payment_method,1,0.0,0,1,REQUEST_ALTERNATE_METHOD,1,999.0,36.0,20.0,1.5,829.0,SYNTHETIC_TRAINING_DATA
rec_000453,58190,occasional,40956.76,0.15,False,sub_sim_58190,6,3,9999.0,temporary_bank_failure,1,0.0,0,0,ESCALATE_TO_HUMAN,1,9999.0,48.0,150.0,0.8,9769.0,SYNTHETIC_TRAINING_DATA
rec_000454,2615,occasional,35716.09,0.15,False,sub_sim_2615,6,8,999.0,insufficient_funds,1,0.0,0,1,SEND_REMINDER,0,0.0,12.0,10.0,1.2,-130.0,SYNTHETIC_TRAINING_DATA
rec_000455,17603,reliable,43970.04,0.04,False,sub_sim_17603,9,5,24999.0,temporary_bank_failure,1,0.0,0,0,RETRY,0,0.0,1.0,5.0,0.2,-25.0,SYNTHETIC_TRAINING_DATA
rec_000456,19415,reliable,83261.6,0.04,False,sub_sim_19415,5,9,24999.0,insufficient_funds,1,0.0,0,0,PAYMENT_LINK,0,0.0,24.0,15.0,1.0,-115.0,SYNTHETIC_TRAINING_DATA
rec_000457,47485,high_risk,5007.25,0.35,False,sub_sim_47485,6,5,9999.0,temporary_bank_failure,1,0.0,0,0,RETRY,1,9999.0,1.0,5.0,0.2,9974.0,SYNTHETIC_TRAINING_DATA
rec_000458,79086,reliable,36365.92,0.04,False,sub_sim_79086,1,3,24999.0,card_expired,1,0.0,0,0,RETRY,0,0.0,1.0,5.0,0.2,-75.0,SYNTHETIC_TRAINING_DATA
rec_000459,66312,occasional,35814.29,0.15,False,sub_sim_66312,4,3,999.0,invalid_payment_method,1,0.0,0,0,REQUEST_ALTERNATE_METHOD,0,0.0,36.0,20.0,1.5,-170.0,SYNTHETIC_TRAINING_DATA
rec_000460,90025,reliable,53512.91,0.04,False,sub_sim_90025,6,8,999.0,authentication_failed,1,0.0,0,1,RETRY,0,0.0,1.0,5.0,0.2,-75.0,SYNTHETIC_TRAINING_DATA
rec_000461,21753,reliable,85188.38,0.04,False,sub_sim_21753,5,5,9999.0,temporary_bank_failure,1,0.0,0,0,RETRY,0,0.0,1.0,5.0,0.2,-25.0,SYNTHETIC_TRAINING_DATA
rec_000462,26791,reliable,76429.61,0.04,False,sub_sim_26791,5,5,24999.0,temporary_bank_failure,1,0.0,0,0,PAYMENT_LINK,1,24999.0,24.0,15.0,1.0,24884.0,SYNTHETIC_TRAINING_DATA
rec_000463,88309,reliable,67504.42,0.04,False,sub_sim_88309,7,8,2499.0,card_expired,1,0.0,0,0,REQUEST_ALTERNATE_METHOD,0,0.0,36.0,20.0,1.5,-170.0,SYNTHETIC_TRAINING_DATA
rec_000464,81290,occasional,10697.01,0.15,False,sub_sim_81290,9,3,2499.0,insufficient_funds,1,0.0,0,1,SEND_REMINDER,1,2499.0,12.0,10.0,1.2,2369.0,SYNTHETIC_TRAINING_DATA
rec_000465,59526,reliable,56744.11,0.04,False,sub_sim_59526,3,3,9999.0,insufficient_funds,1,0.0,0,0,PAYMENT_LINK,1,9999.0,24.0,15.0,1.0,9884.0,SYNTHETIC_TRAINING_DATA
rec_000466,71594,reliable,67871.66,0.04,False,sub_sim_71594,5,10,24999.0,temporary_bank_failure,1,0.0,0,0,RETRY,1,24999.0,1.0,5.0,0.2,24974.0,SYNTHETIC_TRAINING_DATA
rec_000467,51309,reliable,94877.45,0.04,False,sub_sim_51309,2,5,59999.0,insufficient_funds,1,0.0,0,0,PAYMENT_LINK,1,59999.0,24.0,15.0,1.0,59884.0,SYNTHETIC_TRAINING_DATA
rec_000468,97823,high_risk,17513.49,0.35,False,sub_sim_97823,6,4,9999.0,temporary_bank_failure,1,0.0,0,1,RETRY,1,9999.0,1.0,5.0,0.2,9974.0,SYNTHETIC_TRAINING_DATA
rec_000469,26769,reliable,36525.54,0.04,False,sub_sim_26769,4,10,999.0,temporary_bank_failure,1,0.0,0,1,RETRY,0,0.0,1.0,5.0,0.2,-25.0,SYNTHETIC_TRAINING_DATA
rec_000470,75943,reliable,41858.34,0.04,False,sub_sim_75943,9,5,9999.0,insufficient_funds,1,0.0,0,1,PAYMENT_LINK,1,9999.0,24.0,15.0,1.0,9884.0,SYNTHETIC_TRAINING_DATA
rec_000471,34916,high_risk,5728.28,0.35,False,sub_sim_34916,3,4,9999.0,temporary_bank_failure,1,0.0,0,0,RETRY,0,0.0,1.0,5.0,0.2,-25.0,SYNTHETIC_TRAINING_DATA
rec_000472,97074,reliable,62472.4,0.04,False,sub_sim_97074,4,3,4999.0,insufficient_funds,1,0.0,0,1,PAYMENT_LINK,1,4999.0,24.0,15.0,1.0,4884.0,SYNTHETIC_TRAINING_DATA
rec_000473,89622,occasional,16494.89,0.15,False,sub_sim_89622,4,6,9999.0,network_error,1,0.0,0,0,WAIT,0,0.0,24.0,0.0,0.0,0.0,SYNTHETIC_TRAINING_DATA
rec_000474,14836,reliable,96221.94,0.04,False,sub_sim_14836,9,2,24999.0,invalid_payment_method,1,0.0,0,0,PAYMENT_LINK,1,24999.0,24.0,15.0,1.0,24884.0,SYNTHETIC_TRAINING_DATA
rec_000475,21906,reliable,22006.39,0.04,False,sub_sim_21906,5,8,24999.0,temporary_bank_failure,1,0.0,0,1,RETRY,0,0.0,1.0,5.0,0.2,-25.0,SYNTHETIC_TRAINING_DATA
rec_000476,59240,reliable,38726.03,0.04,False,sub_sim_59240,2,9,24999.0,insufficient_funds,1,0.0,0,1,PAYMENT_LINK,1,24999.0,24.0,15.0,1.0,24884.0,SYNTHETIC_TRAINING_DATA
rec_000477,27581,high_risk,13851.22,0.35,False,sub_sim_27581,7,10,4999.0,temporary_bank_failure,1,0.0,0,0,RETRY,0,0.0,1.0,5.0,0.2,-25.0,SYNTHETIC_TRAINING_DATA
rec_000478,68437,reliable,60803.7,0.04,False,sub_sim_68437,4,2,24999.0,card_expired,1,0.0,0,0,RETRY,0,0.0,1.0,5.0,0.2,-75.0,SYNTHETIC_TRAINING_DATA
rec_000479,29441,reliable,31414.27,0.04,False,sub_sim_29441,3,2,999.0,temporary_bank_failure,1,0.0,0,0,RETRY,0,0.0,1.0,5.0,0.2,-25.0,SYNTHETIC_TRAINING_DATA
rec_000480,16200,reliable,58558.05,0.04,False,sub_sim_16200,1,10,9999.0,insufficient_funds,1,0.0,0,1,SEND_REMINDER,1,9999.0,12.0,10.0,1.2,9869.0,SYNTHETIC_TRAINING_DATA
rec_000481,43048,reliable,98970.15,0.04,False,sub_sim_43048,2,4,999.0,insufficient_funds,1,0.0,0,0,PAYMENT_LINK,1,999.0,24.0,15.0,1.0,884.0,SYNTHETIC_TRAINING_DATA
rec_000482,28836,high_risk,11869.55,0.35,False,sub_sim_28836,6,4,4999.0,temporary_bank_failure,1,0.0,0,0,RETRY,0,0.0,1.0,5.0,0.2,-25.0,SYNTHETIC_TRAINING_DATA
rec_000483,9547,reliable,50441.33,0.04,False,sub_sim_9547,3,10,4999.0,insufficient_funds,1,0.0,0,0,RETRY,0,0.0,1.0,5.0,0.2,-75.0,SYNTHETIC_TRAINING_DATA
rec_000484,70696,reliable,20883.95,0.04,False,sub_sim_70696,1,5,4999.0,network_error,1,0.0,0,0,RETRY,0,0.0,1.0,5.0,0.2,-25.0,SYNTHETIC_TRAINING_DATA
rec_000485,55065,reliable,28280.76,0.04,False,sub_sim_55065,9,10,4999.0,temporary_bank_failure,1,0.0,0,1,RETRY,0,0.0,1.0,5.0,0.2,-25.0,SYNTHETIC_TRAINING_DATA
rec_000486,90732,reliable,46507.59,0.04,False,sub_sim_90732,5,6,59999.0,insufficient_funds,1,0.0,0,0,SEND_REMINDER,0,0.0,12.0,10.0,1.2,-130.0,SYNTHETIC_TRAINING_DATA
rec_000487,2519,reliable,67577.51,0.04,False,sub_sim_2519,2,2,9999.0,insufficient_funds,1,0.0,0,0,SEND_REMINDER,0,0.0,12.0,10.0,1.2,-130.0,SYNTHETIC_TRAINING_DATA
rec_000488,19947,reliable,96673.59,0.04,False,sub_sim_19947,3,10,2499.0,insufficient_funds,1,0.0,0,0,RETRY,0,0.0,1.0,5.0,0.2,-75.0,SYNTHETIC_TRAINING_DATA
rec_000489,30386,reliable,93285.94,0.04,False,sub_sim_30386,6,3,999.0,card_expired,1,0.0,0,0,RETRY,0,0.0,1.0,5.0,0.2,-75.0,SYNTHETIC_TRAINING_DATA
rec_000490,53544,high_risk,14947.21,0.35,False,sub_sim_53544,8,10,2499.0,insufficient_funds,1,0.0,0,0,RETRY,0,0.0,1.0,5.0,0.2,-75.0,SYNTHETIC_TRAINING_DATA
rec_000491,80114,reliable,21764.36,0.04,False,sub_sim_80114,9,8,9999.0,insufficient_funds,1,0.0,0,1,SEND_REMINDER,0,0.0,12.0,10.0,1.2,-130.0,SYNTHETIC_TRAINING_DATA
rec_000492,60774,reliable,92088.97,0.04,False,sub_sim_60774,3,9,2499.0,temporary_bank_failure,1,0.0,0,1,RETRY,0,0.0,1.0,5.0,0.2,-25.0,SYNTHETIC_TRAINING_DATA
rec_000493,71639,high_risk,7126.55,0.35,False,sub_sim_71639,9,8,4999.0,temporary_bank_failure,1,0.0,0,0,RETRY,1,4999.0,1.0,5.0,0.2,4974.0,SYNTHETIC_TRAINING_DATA
rec_000494,27481,reliable,41986.54,0.04,False,sub_sim_27481,6,7,24999.0,temporary_bank_failure,1,0.0,0,1,RETRY,1,24999.0,1.0,5.0,0.2,24974.0,SYNTHETIC_TRAINING_DATA
rec_000495,86730,reliable,30267.69,0.04,False,sub_sim_86730,8,5,999.0,temporary_bank_failure,1,0.0,0,1,RETRY,0,0.0,1.0,5.0,0.2,-25.0,SYNTHETIC_TRAINING_DATA
rec_000496,27354,occasional,22860.69,0.15,False,sub_sim_27354,5,3,59999.0,insufficient_funds,1,0.0,0,1,PAYMENT_LINK,1,59999.0,24.0,15.0,1.0,59884.0,SYNTHETIC_TRAINING_DATA
rec_000497,14167,high_risk,21952.66,0.35,False,sub_sim_14167,1,9,4999.0,invalid_payment_method,1,0.0,0,0,PAYMENT_LINK,0,0.0,24.0,15.0,1.0,-115.0,SYNTHETIC_TRAINING_DATA
rec_000498,26401,reliable,76267.64,0.04,False,sub_sim_26401,3,6,2499.0,insufficient_funds,1,0.0,0,0,SEND_REMINDER,1,2499.0,12.0,10.0,1.2,2369.0,SYNTHETIC_TRAINING_DATA
rec_000499,33511,reliable,23052.17,0.04,False,sub_sim_33511,9,6,999.0,temporary_bank_failure,1,0.0,0,0,RETRY,0,0.0,1.0,5.0,0.2,-25.0,SYNTHETIC_TRAINING_DATA
rec_000500,34292,reliable,42100.02,0.04,False,sub_sim_34292,6,10,9999.0,temporary_bank_failure,1,0.0,0,0,RETRY,1,9999.0,1.0,5.0,0.2,9974.0,SYNTHETIC_TRAINING_DATA
rec_000501,95927,occasional,10798.79,0.15,False,sub_sim_95927,1,7,2499.0,insufficient_funds,1,0.0,0,0,RETRY,0,0.0,1.0,5.0,0.2,-75.0,SYNTHETIC_TRAINING_DATA
rec_000502,79700,reliable,55689.95,0.04,False,sub_sim_79700,5,2,9999.0,temporary_bank_failure,1,0.0,0,1,SEND_REMINDER,0,0.0,12.0,10.0,1.2,-130.0,SYNTHETIC_TRAINING_DATA
rec_000503,21407,occasional,25339.72,0.15,False,sub_sim_21407,4,2,9999.0,insufficient_funds,1,0.0,0,0,SEND_REMINDER,1,9999.0,12.0,10.0,1.2,9869.0,SYNTHETIC_TRAINING_DATA
rec_000504,35921,occasional,36092.48,0.15,False,sub_sim_35921,9,9,9999.0,temporary_bank_failure,1,0.0,0,1,RETRY,1,9999.0,1.0,5.0,0.2,9974.0,SYNTHETIC_TRAINING_DATA
rec_000505,30475,reliable,49460.23,0.04,False,sub_sim_30475,5,10,2499.0,authentication_failed,1,0.0,0,0,WAIT,0,0.0,24.0,0.0,0.0,0.0,SYNTHETIC_TRAINING_DATA
rec_000506,30913,reliable,99725.82,0.04,False,sub_sim_30913,5,7,59999.0,temporary_bank_failure,1,0.0,0,0,RETRY,1,59999.0,1.0,5.0,0.2,59974.0,SYNTHETIC_TRAINING_DATA
rec_000507,34215,reliable,74513.53,0.04,False,sub_sim_34215,5,2,4999.0,temporary_bank_failure,1,0.0,0,0,WAIT,0,0.0,6.0,0.0,0.0,0.0,SYNTHETIC_TRAINING_DATA
rec_000508,39534,reliable,32650.26,0.04,False,sub_sim_39534,3,6,999.0,temporary_bank_failure,1,0.0,0,0,WAIT,0,0.0,6.0,0.0,0.0,0.0,SYNTHETIC_TRAINING_DATA
rec_000509,97716,high_risk,24531.11,0.35,False,sub_sim_97716,7,5,24999.0,card_expired,1,0.0,0,0,RETRY,0,0.0,1.0,5.0,0.2,-75.0,SYNTHETIC_TRAINING_DATA
rec_000510,18925,reliable,82480.07,0.04,False,sub_sim_18925,2,9,9999.0,insufficient_funds,1,0.0,0,0,PAYMENT_LINK,1,9999.0,24.0,15.0,1.0,9884.0,SYNTHETIC_TRAINING_DATA
rec_000511,6283,reliable,60858.35,0.04,False,sub_sim_6283,7,3,999.0,temporary_bank_failure,1,0.0,0,0,RETRY,0,0.0,1.0,5.0,0.2,-25.0,SYNTHETIC_TRAINING_DATA
rec_000512,64082,reliable,44858.78,0.04,False,sub_sim_64082,8,3,59999.0,insufficient_funds,1,0.0,0,0,ESCALATE_TO_HUMAN,1,59999.0,48.0,150.0,0.8,59769.0,SYNTHETIC_TRAINING_DATA
rec_000513,65613,reliable,25913.6,0.04,False,sub_sim_65613,8,4,59999.0,temporary_bank_failure,1,0.0,0,0,RETRY,0,0.0,1.0,5.0,0.2,-25.0,SYNTHETIC_TRAINING_DATA
rec_000514,41060,reliable,22096.52,0.04,False,sub_sim_41060,7,2,999.0,network_error,1,0.0,0,1,WAIT,0,0.0,24.0,0.0,0.0,0.0,SYNTHETIC_TRAINING_DATA
rec_000515,48749,reliable,28438.73,0.04,False,sub_sim_48749,1,7,24999.0,invalid_payment_method,1,0.0,0,1,REQUEST_ALTERNATE_METHOD,1,24999.0,36.0,20.0,1.5,24829.0,SYNTHETIC_TRAINING_DATA
rec_000516,56916,reliable,25671.61,0.04,False,sub_sim_56916,8,2,999.0,insufficient_funds,1,0.0,0,0,RETRY,1,999.0,1.0,5.0,0.2,974.0,SYNTHETIC_TRAINING_DATA
rec_000517,45515,reliable,66158.35,0.04,False,sub_sim_45515,2,2,2499.0,temporary_bank_failure,1,0.0,0,1,RETRY,0,0.0,1.0,5.0,0.2,-25.0,SYNTHETIC_TRAINING_DATA
rec_000518,13786,occasional,43239.31,0.15,False,sub_sim_13786,6,4,59999.0,invalid_payment_method,1,0.0,0,0,REQUEST_ALTERNATE_METHOD,1,59999.0,36.0,20.0,1.5,59829.0,SYNTHETIC_TRAINING_DATA
rec_000519,81632,reliable,61717.58,0.04,False,sub_sim_81632,2,2,4999.0,insufficient_funds,1,0.0,0,0,PAYMENT_LINK,1,4999.0,24.0,15.0,1.0,4884.0,SYNTHETIC_TRAINING_DATA
rec_000520,22095,occasional,14704.44,0.15,False,sub_sim_22095,6,5,9999.0,temporary_bank_failure,1,0.0,0,0,STOP_RECOVERY,0,0.0,0.0,0.0,0.0,0.0,SYNTHETIC_TRAINING_DATA
rec_000521,29243,reliable,91114.77,0.04,False,sub_sim_29243,2,4,2499.0,invalid_payment_method,1,0.0,0,0,REQUEST_ALTERNATE_METHOD,0,0.0,36.0,20.0,1.5,-170.0,SYNTHETIC_TRAINING_DATA
rec_000522,23916,high_risk,21825.0,0.35,False,sub_sim_23916,7,10,9999.0,temporary_bank_failure,1,0.0,0,0,RETRY,0,0.0,1.0,5.0,0.2,-25.0,SYNTHETIC_TRAINING_DATA
rec_000523,4874,reliable,47579.82,0.04,False,sub_sim_4874,4,9,4999.0,temporary_bank_failure,1,0.0,0,0,RETRY,0,0.0,1.0,5.0,0.2,-25.0,SYNTHETIC_TRAINING_DATA
rec_000524,67435,reliable,98123.57,0.04,False,sub_sim_67435,7,5,2499.0,insufficient_funds,1,0.0,0,0,SEND_REMINDER,1,2499.0,12.0,10.0,1.2,2369.0,SYNTHETIC_TRAINING_DATA
rec_000525,61802,occasional,17064.15,0.15,False,sub_sim_61802,2,6,4999.0,insufficient_funds,1,0.0,0,1,RETRY,0,0.0,1.0,5.0,0.2,-75.0,SYNTHETIC_TRAINING_DATA
rec_000526,32590,occasional,20772.54,0.15,False,sub_sim_32590,6,9,59999.0,network_error,1,0.0,0,1,RETRY,0,0.0,1.0,5.0,0.2,-25.0,SYNTHETIC_TRAINING_DATA
rec_000527,74511,high_risk,9003.37,0.35,False,sub_sim_74511,5,5,999.0,invalid_payment_method,1,0.0,0,0,RETRY,0,0.0,1.0,5.0,0.2,-75.0,SYNTHETIC_TRAINING_DATA
rec_000528,33469,reliable,79826.28,0.04,False,sub_sim_33469,7,2,59999.0,insufficient_funds,1,0.0,0,0,SEND_REMINDER,1,59999.0,12.0,10.0,1.2,59869.0,SYNTHETIC_TRAINING_DATA
rec_000529,21449,reliable,50515.43,0.04,False,sub_sim_21449,2,5,4999.0,invalid_payment_method,1,0.0,0,1,RETRY,0,0.0,1.0,5.0,0.2,-75.0,SYNTHETIC_TRAINING_DATA
rec_000530,96727,reliable,63004.86,0.04,False,sub_sim_96727,4,8,2499.0,temporary_bank_failure,1,0.0,0,0,RETRY,1,2499.0,1.0,5.0,0.2,2474.0,SYNTHETIC_TRAINING_DATA
rec_000531,59858,reliable,91289.24,0.04,False,sub_sim_59858,7,8,59999.0,temporary_bank_failure,1,0.0,0,1,RETRY,0,0.0,1.0,5.0,0.2,-25.0,SYNTHETIC_TRAINING_DATA
rec_000532,74682,high_risk,21311.05,0.35,False,sub_sim_74682,1,5,999.0,temporary_bank_failure,1,0.0,0,1,SEND_REMINDER,0,0.0,12.0,10.0,1.2,-130.0,SYNTHETIC_TRAINING_DATA
rec_000533,21430,occasional,16424.72,0.15,False,sub_sim_21430,5,9,999.0,network_error,1,0.0,0,0,PAYMENT_LINK,1,999.0,24.0,15.0,1.0,884.0,SYNTHETIC_TRAINING_DATA
rec_000534,95204,reliable,72911.64,0.04,False,sub_sim_95204,6,10,59999.0,network_error,1,0.0,0,0,REQUEST_ALTERNATE_METHOD,1,59999.0,36.0,20.0,1.5,59829.0,SYNTHETIC_TRAINING_DATA
rec_000535,6017,occasional,47475.54,0.15,False,sub_sim_6017,1,9,24999.0,network_error,1,0.0,0,0,WAIT,0,0.0,24.0,0.0,0.0,0.0,SYNTHETIC_TRAINING_DATA
rec_000536,43399,reliable,70547.8,0.04,False,sub_sim_43399,1,5,2499.0,insufficient_funds,1,0.0,0,0,PAYMENT_LINK,1,2499.0,24.0,15.0,1.0,2384.0,SYNTHETIC_TRAINING_DATA
rec_000537,82928,reliable,38868.3,0.04,False,sub_sim_82928,6,7,2499.0,temporary_bank_failure,1,0.0,0,0,ESCALATE_TO_HUMAN,1,2499.0,48.0,150.0,0.8,2269.0,SYNTHETIC_TRAINING_DATA
rec_000538,95487,high_risk,7631.76,0.35,False,sub_sim_95487,4,6,999.0,insufficient_funds,1,0.0,0,0,WAIT,0,0.0,24.0,0.0,0.0,0.0,SYNTHETIC_TRAINING_DATA
rec_000539,22019,reliable,24847.92,0.04,False,sub_sim_22019,7,4,24999.0,temporary_bank_failure,1,0.0,0,0,RETRY,1,24999.0,1.0,5.0,0.2,24974.0,SYNTHETIC_TRAINING_DATA
rec_000540,8657,reliable,60265.23,0.04,False,sub_sim_8657,7,3,2499.0,temporary_bank_failure,1,0.0,0,0,RETRY,0,0.0,1.0,5.0,0.2,-25.0,SYNTHETIC_TRAINING_DATA
rec_000541,70610,reliable,47814.57,0.04,False,sub_sim_70610,2,7,4999.0,insufficient_funds,1,0.0,0,0,PAYMENT_LINK,0,0.0,24.0,15.0,1.0,-115.0,SYNTHETIC_TRAINING_DATA
rec_000542,25940,reliable,38333.16,0.04,False,sub_sim_25940,5,3,59999.0,insufficient_funds,1,0.0,0,0,PAYMENT_LINK,0,0.0,24.0,15.0,1.0,-115.0,SYNTHETIC_TRAINING_DATA
rec_000543,33009,reliable,74153.9,0.04,False,sub_sim_33009,4,7,9999.0,invalid_payment_method,1,0.0,0,0,REQUEST_ALTERNATE_METHOD,0,0.0,36.0,20.0,1.5,-170.0,SYNTHETIC_TRAINING_DATA
rec_000544,12975,high_risk,15041.85,0.35,False,sub_sim_12975,8,10,9999.0,insufficient_funds,1,0.0,0,1,STOP_RECOVERY,0,0.0,0.0,0.0,0.0,0.0,SYNTHETIC_TRAINING_DATA
rec_000545,83249,reliable,20208.96,0.04,False,sub_sim_83249,6,7,2499.0,card_expired,1,0.0,0,0,REQUEST_ALTERNATE_METHOD,1,2499.0,36.0,20.0,1.5,2329.0,SYNTHETIC_TRAINING_DATA
rec_000546,93930,reliable,84170.06,0.04,False,sub_sim_93930,4,6,4999.0,temporary_bank_failure,1,0.0,0,0,RETRY,0,0.0,1.0,5.0,0.2,-25.0,SYNTHETIC_TRAINING_DATA
rec_000547,12716,high_risk,18351.25,0.35,False,sub_sim_12716,1,9,9999.0,temporary_bank_failure,1,0.0,0,1,RETRY,0,0.0,1.0,5.0,0.2,-25.0,SYNTHETIC_TRAINING_DATA
rec_000548,49238,reliable,82620.03,0.04,False,sub_sim_49238,9,7,4999.0,insufficient_funds,1,0.0,0,0,SEND_REMINDER,0,0.0,12.0,10.0,1.2,-130.0,SYNTHETIC_TRAINING_DATA
rec_000549,54898,reliable,79186.85,0.04,False,sub_sim_54898,9,4,59999.0,invalid_payment_method,1,0.0,0,1,RETRY,0,0.0,1.0,5.0,0.2,-75.0,SYNTHETIC_TRAINING_DATA
rec_000550,2059,reliable,34442.26,0.04,False,sub_sim_2059,9,10,24999.0,temporary_bank_failure,1,0.0,0,0,RETRY,1,24999.0,1.0,5.0,0.2,24974.0,SYNTHETIC_TRAINING_DATA
rec_000551,36269,reliable,42008.87,0.04,False,sub_sim_36269,6,8,59999.0,temporary_bank_failure,1,0.0,0,1,RETRY,0,0.0,1.0,5.0,0.2,-25.0,SYNTHETIC_TRAINING_DATA
rec_000552,99719,occasional,48681.75,0.15,False,sub_sim_99719,3,9,2499.0,temporary_bank_failure,1,0.0,0,1,RETRY,0,0.0,1.0,5.0,0.2,-25.0,SYNTHETIC_TRAINING_DATA
rec_000553,57012,reliable,63420.24,0.04,False,sub_sim_57012,8,3,59999.0,insufficient_funds,1,0.0,0,0,PAYMENT_LINK,1,59999.0,24.0,15.0,1.0,59884.0,SYNTHETIC_TRAINING_DATA
rec_000554,84779,high_risk,24461.33,0.35,False,sub_sim_84779,7,5,999.0,temporary_bank_failure,1,0.0,0,0,RETRY,0,0.0,1.0,5.0,0.2,-25.0,SYNTHETIC_TRAINING_DATA
rec_000555,74875,reliable,79094.77,0.04,False,sub_sim_74875,4,3,2499.0,insufficient_funds,1,0.0,0,0,RETRY,0,0.0,1.0,5.0,0.2,-75.0,SYNTHETIC_TRAINING_DATA
rec_000556,69114,reliable,53161.96,0.04,False,sub_sim_69114,5,9,9999.0,invalid_payment_method,1,0.0,0,1,ESCALATE_TO_HUMAN,0,0.0,48.0,150.0,0.8,-230.0,SYNTHETIC_TRAINING_DATA
rec_000557,9021,high_risk,10428.11,0.35,False,sub_sim_9021,1,3,999.0,temporary_bank_failure,1,0.0,0,1,ESCALATE_TO_HUMAN,1,999.0,48.0,150.0,0.8,769.0,SYNTHETIC_TRAINING_DATA
rec_000558,90075,occasional,39164.82,0.15,False,sub_sim_90075,8,3,999.0,invalid_payment_method,1,0.0,0,0,PAYMENT_LINK,0,0.0,24.0,15.0,1.0,-115.0,SYNTHETIC_TRAINING_DATA
rec_000559,29937,reliable,85262.21,0.04,False,sub_sim_29937,8,5,59999.0,card_expired,1,0.0,0,0,REQUEST_ALTERNATE_METHOD,1,59999.0,36.0,20.0,1.5,59829.0,SYNTHETIC_TRAINING_DATA
rec_000560,29962,reliable,73549.1,0.04,False,sub_sim_29962,8,2,4999.0,insufficient_funds,1,0.0,0,0,SEND_REMINDER,0,0.0,12.0,10.0,1.2,-130.0,SYNTHETIC_TRAINING_DATA
rec_000561,20445,occasional,42937.29,0.15,False,sub_sim_20445,5,7,9999.0,insufficient_funds,1,0.0,0,0,RETRY,0,0.0,1.0,5.0,0.2,-75.0,SYNTHETIC_TRAINING_DATA
rec_000562,5672,reliable,34403.67,0.04,False,sub_sim_5672,4,3,59999.0,card_expired,1,0.0,0,0,REQUEST_ALTERNATE_METHOD,1,59999.0,36.0,20.0,1.5,59829.0,SYNTHETIC_TRAINING_DATA
rec_000563,20483,reliable,20730.85,0.04,False,sub_sim_20483,3,7,24999.0,temporary_bank_failure,1,0.0,0,0,ESCALATE_TO_HUMAN,1,24999.0,48.0,150.0,0.8,24769.0,SYNTHETIC_TRAINING_DATA
rec_000564,23077,occasional,34064.08,0.15,False,sub_sim_23077,5,7,24999.0,temporary_bank_failure,1,0.0,0,0,REQUEST_ALTERNATE_METHOD,0,0.0,36.0,20.0,1.5,-170.0,SYNTHETIC_TRAINING_DATA
rec_000565,69916,occasional,11078.25,0.15,False,sub_sim_69916,4,6,999.0,temporary_bank_failure,1,0.0,0,0,REQUEST_ALTERNATE_METHOD,0,0.0,36.0,20.0,1.5,-170.0,SYNTHETIC_TRAINING_DATA
rec_000566,98771,reliable,99077.03,0.04,False,sub_sim_98771,1,8,59999.0,temporary_bank_failure,1,0.0,0,0,RETRY,1,59999.0,1.0,5.0,0.2,59974.0,SYNTHETIC_TRAINING_DATA
rec_000567,37613,occasional,19492.73,0.15,False,sub_sim_37613,4,8,59999.0,invalid_payment_method,1,0.0,0,1,REQUEST_ALTERNATE_METHOD,0,0.0,36.0,20.0,1.5,-170.0,SYNTHETIC_TRAINING_DATA
rec_000568,89621,reliable,66996.76,0.04,False,sub_sim_89621,5,7,4999.0,temporary_bank_failure,1,0.0,0,0,SEND_REMINDER,0,0.0,12.0,10.0,1.2,-130.0,SYNTHETIC_TRAINING_DATA
rec_000569,46905,reliable,21402.9,0.04,False,sub_sim_46905,1,9,9999.0,insufficient_funds,1,0.0,0,1,PAYMENT_LINK,0,0.0,24.0,15.0,1.0,-115.0,SYNTHETIC_TRAINING_DATA
rec_000570,85693,occasional,22840.5,0.15,False,sub_sim_85693,1,8,59999.0,insufficient_funds,1,0.0,0,1,SEND_REMINDER,0,0.0,12.0,10.0,1.2,-130.0,SYNTHETIC_TRAINING_DATA
rec_000571,69007,reliable,71549.98,0.04,False,sub_sim_69007,3,5,59999.0,temporary_bank_failure,1,0.0,0,0,RETRY,0,0.0,1.0,5.0,0.2,-25.0,SYNTHETIC_TRAINING_DATA
rec_000572,36511,occasional,40255.53,0.15,False,sub_sim_36511,5,8,59999.0,card_expired,1,0.0,0,0,REQUEST_ALTERNATE_METHOD,1,59999.0,36.0,20.0,1.5,59829.0,SYNTHETIC_TRAINING_DATA
rec_000573,73567,reliable,63186.85,0.04,False,sub_sim_73567,8,6,999.0,temporary_bank_failure,1,0.0,0,0,STOP_RECOVERY,0,0.0,0.0,0.0,0.0,0.0,SYNTHETIC_TRAINING_DATA
rec_000574,85025,reliable,52535.12,0.04,False,sub_sim_85025,3,8,9999.0,invalid_payment_method,1,0.0,0,1,REQUEST_ALTERNATE_METHOD,1,9999.0,36.0,20.0,1.5,9829.0,SYNTHETIC_TRAINING_DATA
rec_000575,39809,occasional,28416.14,0.15,False,sub_sim_39809,3,3,4999.0,temporary_bank_failure,1,0.0,0,0,RETRY,0,0.0,1.0,5.0,0.2,-25.0,SYNTHETIC_TRAINING_DATA
rec_000576,64989,reliable,50791.63,0.04,False,sub_sim_64989,8,5,59999.0,temporary_bank_failure,1,0.0,0,0,RETRY,0,0.0,1.0,5.0,0.2,-25.0,SYNTHETIC_TRAINING_DATA
rec_000577,17858,reliable,40424.59,0.04,False,sub_sim_17858,6,6,59999.0,insufficient_funds,1,0.0,0,1,WAIT,0,0.0,24.0,0.0,0.0,0.0,SYNTHETIC_TRAINING_DATA
rec_000578,35225,reliable,96944.9,0.04,False,sub_sim_35225,4,9,24999.0,temporary_bank_failure,1,0.0,0,0,RETRY,1,24999.0,1.0,5.0,0.2,24974.0,SYNTHETIC_TRAINING_DATA
rec_000579,85735,reliable,60717.83,0.04,False,sub_sim_85735,1,3,24999.0,temporary_bank_failure,1,0.0,0,0,RETRY,1,24999.0,1.0,5.0,0.2,24974.0,SYNTHETIC_TRAINING_DATA
rec_000580,29502,reliable,96572.56,0.04,False,sub_sim_29502,4,2,2499.0,temporary_bank_failure,1,0.0,0,0,RETRY,0,0.0,1.0,5.0,0.2,-25.0,SYNTHETIC_TRAINING_DATA
rec_000581,37212,reliable,39115.93,0.04,False,sub_sim_37212,9,5,59999.0,temporary_bank_failure,1,0.0,0,0,RETRY,1,59999.0,1.0,5.0,0.2,59974.0,SYNTHETIC_TRAINING_DATA
rec_000582,76292,occasional,49267.18,0.15,False,sub_sim_76292,8,8,4999.0,card_expired,1,0.0,0,1,REQUEST_ALTERNATE_METHOD,1,4999.0,36.0,20.0,1.5,4829.0,SYNTHETIC_TRAINING_DATA
rec_000583,27571,reliable,25097.2,0.04,False,sub_sim_27571,7,2,4999.0,network_error,1,0.0,0,0,PAYMENT_LINK,0,0.0,24.0,15.0,1.0,-115.0,SYNTHETIC_TRAINING_DATA
rec_000584,38398,reliable,30408.03,0.04,False,sub_sim_38398,8,4,2499.0,temporary_bank_failure,1,0.0,0,0,RETRY,0,0.0,1.0,5.0,0.2,-25.0,SYNTHETIC_TRAINING_DATA
rec_000585,81117,occasional,17106.23,0.15,False,sub_sim_81117,8,3,24999.0,insufficient_funds,1,0.0,0,0,SEND_REMINDER,1,24999.0,12.0,10.0,1.2,24869.0,SYNTHETIC_TRAINING_DATA
rec_000586,88070,reliable,64596.52,0.04,False,sub_sim_88070,6,7,59999.0,insufficient_funds,1,0.0,0,0,PAYMENT_LINK,1,59999.0,24.0,15.0,1.0,59884.0,SYNTHETIC_TRAINING_DATA
rec_000587,7321,reliable,31183.19,0.04,False,sub_sim_7321,4,2,24999.0,network_error,1,0.0,0,1,RETRY,0,0.0,1.0,5.0,0.2,-25.0,SYNTHETIC_TRAINING_DATA
rec_000588,71753,reliable,72279.34,0.04,False,sub_sim_71753,8,4,999.0,network_error,1,0.0,0,1,WAIT,0,0.0,24.0,0.0,0.0,0.0,SYNTHETIC_TRAINING_DATA
rec_000589,35268,reliable,28527.33,0.04,False,sub_sim_35268,7,2,2499.0,insufficient_funds,1,0.0,0,0,PAYMENT_LINK,1,2499.0,24.0,15.0,1.0,2384.0,SYNTHETIC_TRAINING_DATA
rec_000590,17768,reliable,47215.05,0.04,False,sub_sim_17768,8,7,999.0,invalid_payment_method,1,0.0,0,1,ESCALATE_TO_HUMAN,1,999.0,48.0,150.0,0.8,769.0,SYNTHETIC_TRAINING_DATA
rec_000591,36821,reliable,56847.03,0.04,False,sub_sim_36821,5,9,2499.0,invalid_payment_method,1,0.0,0,0,RETRY,0,0.0,1.0,5.0,0.2,-75.0,SYNTHETIC_TRAINING_DATA
rec_000592,63644,occasional,14663.89,0.15,False,sub_sim_63644,4,6,59999.0,temporary_bank_failure,1,0.0,0,0,RETRY,0,0.0,1.0,5.0,0.2,-25.0,SYNTHETIC_TRAINING_DATA
rec_000593,35758,reliable,35097.31,0.04,False,sub_sim_35758,7,4,9999.0,insufficient_funds,1,0.0,0,0,STOP_RECOVERY,0,0.0,0.0,0.0,0.0,0.0,SYNTHETIC_TRAINING_DATA
rec_000594,69956,reliable,81710.04,0.04,False,sub_sim_69956,5,9,24999.0,network_error,1,0.0,0,0,WAIT,0,0.0,24.0,0.0,0.0,0.0,SYNTHETIC_TRAINING_DATA
rec_000595,20687,reliable,27642.51,0.04,False,sub_sim_20687,6,7,2499.0,insufficient_funds,1,0.0,0,1,RETRY,0,0.0,1.0,5.0,0.2,-75.0,SYNTHETIC_TRAINING_DATA
rec_000596,16117,reliable,99806.87,0.04,False,sub_sim_16117,1,3,9999.0,temporary_bank_failure,1,0.0,0,0,RETRY,1,9999.0,1.0,5.0,0.2,9974.0,SYNTHETIC_TRAINING_DATA
rec_000597,85917,reliable,83167.79,0.04,False,sub_sim_85917,6,4,9999.0,temporary_bank_failure,1,0.0,0,1,RETRY,0,0.0,1.0,5.0,0.2,-25.0,SYNTHETIC_TRAINING_DATA
rec_000598,88091,occasional,19162.32,0.15,False,sub_sim_88091,7,6,24999.0,temporary_bank_failure,1,0.0,0,0,RETRY,1,24999.0,1.0,5.0,0.2,24974.0,SYNTHETIC_TRAINING_DATA
rec_000599,97591,reliable,94453.72,0.04,False,sub_sim_97591,2,8,59999.0,insufficient_funds,1,0.0,0,0,SEND_REMINDER,0,0.0,12.0,10.0,1.2,-130.0,SYNTHETIC_TRAINING_DATA
rec_000600,76316,occasional,40291.7,0.15,False,sub_sim_76316,7,10,59999.0,temporary_bank_failure,1,0.0,0,1,RETRY,0,0.0,1.0,5.0,0.2,-25.0,SYNTHETIC_TRAINING_DATA
rec_000601,24435,reliable,24993.7,0.04,False,sub_sim_24435,2,2,4999.0,card_expired,1,0.0,0,0,RETRY,0,0.0,1.0,5.0,0.2,-75.0,SYNTHETIC_TRAINING_DATA
rec_000602,53122,reliable,71649.83,0.04,False,sub_sim_53122,7,5,999.0,insufficient_funds,1,0.0,0,1,SEND_REMINDER,1,999.0,12.0,10.0,1.2,869.0,SYNTHETIC_TRAINING_DATA
rec_000603,52490,reliable,79974.53,0.04,False,sub_sim_52490,4,7,4999.0,temporary_bank_failure,1,0.0,0,0,RETRY,0,0.0,1.0,5.0,0.2,-25.0,SYNTHETIC_TRAINING_DATA
rec_000604,13515,reliable,69603.29,0.04,False,sub_sim_13515,2,2,999.0,insufficient_funds,1,0.0,0,1,PAYMENT_LINK,1,999.0,24.0,15.0,1.0,884.0,SYNTHETIC_TRAINING_DATA
rec_000605,59818,reliable,23873.61,0.04,False,sub_sim_59818,1,4,9999.0,insufficient_funds,1,0.0,0,0,ESCALATE_TO_HUMAN,1,9999.0,48.0,150.0,0.8,9769.0,SYNTHETIC_TRAINING_DATA
rec_000606,3827,reliable,75216.39,0.04,False,sub_sim_3827,1,5,59999.0,invalid_payment_method,1,0.0,0,0,PAYMENT_LINK,0,0.0,24.0,15.0,1.0,-115.0,SYNTHETIC_TRAINING_DATA
rec_000607,8641,reliable,83935.3,0.04,False,sub_sim_8641,8,5,59999.0,temporary_bank_failure,1,0.0,0,0,STOP_RECOVERY,0,0.0,0.0,0.0,0.0,0.0,SYNTHETIC_TRAINING_DATA
rec_000608,64063,occasional,21333.51,0.15,False,sub_sim_64063,9,3,24999.0,temporary_bank_failure,1,0.0,0,0,RETRY,0,0.0,1.0,5.0,0.2,-25.0,SYNTHETIC_TRAINING_DATA
rec_000609,99415,reliable,81895.88,0.04,False,sub_sim_99415,6,5,59999.0,insufficient_funds,1,0.0,0,0,PAYMENT_LINK,1,59999.0,24.0,15.0,1.0,59884.0,SYNTHETIC_TRAINING_DATA
rec_000610,89330,occasional,33838.21,0.15,False,sub_sim_89330,5,10,24999.0,network_error,1,0.0,0,0,RETRY,1,24999.0,1.0,5.0,0.2,24974.0,SYNTHETIC_TRAINING_DATA
rec_000611,53604,reliable,55393.48,0.04,False,sub_sim_53604,4,5,999.0,insufficient_funds,1,0.0,0,1,SEND_REMINDER,0,0.0,12.0,10.0,1.2,-130.0,SYNTHETIC_TRAINING_DATA
rec_000612,18546,reliable,27970.95,0.04,False,sub_sim_18546,2,4,2499.0,invalid_payment_method,1,0.0,0,0,RETRY,0,0.0,1.0,5.0,0.2,-75.0,SYNTHETIC_TRAINING_DATA
rec_000613,31909,high_risk,18928.18,0.35,False,sub_sim_31909,2,5,9999.0,insufficient_funds,1,0.0,0,0,RETRY,0,0.0,1.0,5.0,0.2,-75.0,SYNTHETIC_TRAINING_DATA
rec_000614,21739,reliable,51704.81,0.04,False,sub_sim_21739,7,8,999.0,temporary_bank_failure,1,0.0,0,1,RETRY,1,999.0,1.0,5.0,0.2,974.0,SYNTHETIC_TRAINING_DATA
rec_000615,4216,occasional,32392.51,0.15,False,sub_sim_4216,3,3,4999.0,insufficient_funds,1,0.0,0,0,PAYMENT_LINK,1,4999.0,24.0,15.0,1.0,4884.0,SYNTHETIC_TRAINING_DATA
rec_000616,26650,reliable,76123.77,0.04,False,sub_sim_26650,8,3,999.0,temporary_bank_failure,1,0.0,0,0,RETRY,0,0.0,1.0,5.0,0.2,-25.0,SYNTHETIC_TRAINING_DATA
rec_000617,47202,reliable,73416.97,0.04,False,sub_sim_47202,5,10,9999.0,card_expired,1,0.0,0,0,REQUEST_ALTERNATE_METHOD,1,9999.0,36.0,20.0,1.5,9829.0,SYNTHETIC_TRAINING_DATA
rec_000618,98190,reliable,68676.71,0.04,False,sub_sim_98190,7,5,24999.0,temporary_bank_failure,1,0.0,0,1,PAYMENT_LINK,1,24999.0,24.0,15.0,1.0,24884.0,SYNTHETIC_TRAINING_DATA
rec_000619,42106,occasional,27743.0,0.15,False,sub_sim_42106,6,7,2499.0,insufficient_funds,1,0.0,0,0,RETRY,0,0.0,1.0,5.0,0.2,-75.0,SYNTHETIC_TRAINING_DATA
rec_000620,2656,reliable,76537.46,0.04,False,sub_sim_2656,8,7,24999.0,invalid_payment_method,1,0.0,0,0,RETRY,0,0.0,1.0,5.0,0.2,-75.0,SYNTHETIC_TRAINING_DATA
rec_000621,38968,reliable,51364.36,0.04,False,sub_sim_38968,4,6,59999.0,insufficient_funds,1,0.0,0,0,PAYMENT_LINK,0,0.0,24.0,15.0,1.0,-115.0,SYNTHETIC_TRAINING_DATA
rec_000622,93748,reliable,80254.29,0.04,False,sub_sim_93748,4,9,2499.0,temporary_bank_failure,1,0.0,0,0,RETRY,1,2499.0,1.0,5.0,0.2,2474.0,SYNTHETIC_TRAINING_DATA
rec_000623,64149,occasional,22295.17,0.15,False,sub_sim_64149,1,3,24999.0,invalid_payment_method,1,0.0,0,0,RETRY,0,0.0,1.0,5.0,0.2,-75.0,SYNTHETIC_TRAINING_DATA
rec_000624,87724,reliable,60835.55,0.04,False,sub_sim_87724,1,3,2499.0,temporary_bank_failure,1,0.0,0,0,RETRY,1,2499.0,1.0,5.0,0.2,2474.0,SYNTHETIC_TRAINING_DATA
rec_000625,89159,reliable,63375.29,0.04,False,sub_sim_89159,6,6,4999.0,temporary_bank_failure,1,0.0,0,0,RETRY,0,0.0,1.0,5.0,0.2,-25.0,SYNTHETIC_TRAINING_DATA
rec_000626,55351,occasional,30976.61,0.15,False,sub_sim_55351,7,8,59999.0,insufficient_funds,1,0.0,0,0,RETRY,0,0.0,1.0,5.0,0.2,-75.0,SYNTHETIC_TRAINING_DATA
rec_000627,61077,reliable,82345.48,0.04,False,sub_sim_61077,1,6,4999.0,insufficient_funds,1,0.0,0,0,SEND_REMINDER,1,4999.0,12.0,10.0,1.2,4869.0,SYNTHETIC_TRAINING_DATA
rec_000628,87661,reliable,94599.43,0.04,False,sub_sim_87661,2,4,2499.0,insufficient_funds,1,0.0,0,1,RETRY,0,0.0,1.0,5.0,0.2,-75.0,SYNTHETIC_TRAINING_DATA
rec_000629,33295,reliable,36998.59,0.04,False,sub_sim_33295,9,7,59999.0,network_error,1,0.0,0,0,RETRY,1,59999.0,1.0,5.0,0.2,59974.0,SYNTHETIC_TRAINING_DATA
rec_000630,28249,high_risk,23905.57,0.35,False,sub_sim_28249,9,2,9999.0,card_expired,1,0.0,0,1,SEND_REMINDER,0,0.0,12.0,10.0,1.2,-130.0,SYNTHETIC_TRAINING_DATA
rec_000631,87416,reliable,26614.07,0.04,False,sub_sim_87416,8,7,9999.0,insufficient_funds,1,0.0,0,0,PAYMENT_LINK,1,9999.0,24.0,15.0,1.0,9884.0,SYNTHETIC_TRAINING_DATA
rec_000632,88561,reliable,83436.26,0.04,False,sub_sim_88561,2,5,4999.0,temporary_bank_failure,1,0.0,0,0,SEND_REMINDER,0,0.0,12.0,10.0,1.2,-130.0,SYNTHETIC_TRAINING_DATA
rec_000633,67000,occasional,36451.03,0.15,False,sub_sim_67000,2,4,999.0,temporary_bank_failure,1,0.0,0,0,RETRY,0,0.0,1.0,5.0,0.2,-25.0,SYNTHETIC_TRAINING_DATA
rec_000634,66680,high_risk,13569.62,0.35,False,sub_sim_66680,5,8,2499.0,invalid_payment_method,1,0.0,0,0,REQUEST_ALTERNATE_METHOD,1,2499.0,36.0,20.0,1.5,2329.0,SYNTHETIC_TRAINING_DATA
rec_000635,3313,reliable,23928.79,0.04,False,sub_sim_3313,6,8,4999.0,invalid_payment_method,1,0.0,0,0,REQUEST_ALTERNATE_METHOD,1,4999.0,36.0,20.0,1.5,4829.0,SYNTHETIC_TRAINING_DATA
rec_000636,31044,reliable,73993.11,0.04,False,sub_sim_31044,7,6,4999.0,invalid_payment_method,1,0.0,0,0,RETRY,0,0.0,1.0,5.0,0.2,-75.0,SYNTHETIC_TRAINING_DATA
rec_000637,64736,reliable,22545.32,0.04,False,sub_sim_64736,6,3,59999.0,network_error,1,0.0,0,1,RETRY,0,0.0,1.0,5.0,0.2,-25.0,SYNTHETIC_TRAINING_DATA
rec_000638,65690,reliable,23947.49,0.04,False,sub_sim_65690,1,5,2499.0,invalid_payment_method,1,0.0,0,0,PAYMENT_LINK,0,0.0,24.0,15.0,1.0,-115.0,SYNTHETIC_TRAINING_DATA
rec_000639,94953,reliable,62611.21,0.04,False,sub_sim_94953,6,9,59999.0,temporary_bank_failure,1,0.0,0,1,RETRY,0,0.0,1.0,5.0,0.2,-25.0,SYNTHETIC_TRAINING_DATA
rec_000640,67626,reliable,83488.25,0.04,False,sub_sim_67626,9,6,59999.0,temporary_bank_failure,1,0.0,0,0,RETRY,0,0.0,1.0,5.0,0.2,-25.0,SYNTHETIC_TRAINING_DATA
rec_000641,78889,reliable,22676.49,0.04,False,sub_sim_78889,9,7,2499.0,temporary_bank_failure,1,0.0,0,0,RETRY,0,0.0,1.0,5.0,0.2,-25.0,SYNTHETIC_TRAINING_DATA
rec_000642,98922,high_risk,20151.6,0.35,False,sub_sim_98922,6,7,59999.0,invalid_payment_method,1,0.0,0,0,REQUEST_ALTERNATE_METHOD,1,59999.0,36.0,20.0,1.5,59829.0,SYNTHETIC_TRAINING_DATA
rec_000643,15961,reliable,55471.08,0.04,False,sub_sim_15961,8,6,999.0,temporary_bank_failure,1,0.0,0,0,STOP_RECOVERY,0,0.0,0.0,0.0,0.0,0.0,SYNTHETIC_TRAINING_DATA
rec_000644,89902,reliable,75465.73,0.04,False,sub_sim_89902,3,2,999.0,temporary_bank_failure,1,0.0,0,1,RETRY,0,0.0,1.0,5.0,0.2,-25.0,SYNTHETIC_TRAINING_DATA
rec_000645,94769,reliable,60076.56,0.04,False,sub_sim_94769,1,3,999.0,temporary_bank_failure,1,0.0,0,1,PAYMENT_LINK,0,0.0,24.0,15.0,1.0,-115.0,SYNTHETIC_TRAINING_DATA
rec_000646,80693,occasional,23009.38,0.15,False,sub_sim_80693,5,3,59999.0,invalid_payment_method,1,0.0,0,0,REQUEST_ALTERNATE_METHOD,1,59999.0,36.0,20.0,1.5,59829.0,SYNTHETIC_TRAINING_DATA
rec_000647,5122,reliable,52226.02,0.04,False,sub_sim_5122,5,7,59999.0,temporary_bank_failure,1,0.0,0,0,RETRY,1,59999.0,1.0,5.0,0.2,59974.0,SYNTHETIC_TRAINING_DATA
rec_000648,30493,occasional,18847.34,0.15,False,sub_sim_30493,1,9,59999.0,invalid_payment_method,1,0.0,0,1,WAIT,0,0.0,24.0,0.0,0.0,0.0,SYNTHETIC_TRAINING_DATA
rec_000649,69299,high_risk,10675.97,0.35,False,sub_sim_69299,3,3,24999.0,temporary_bank_failure,1,0.0,0,0,RETRY,0,0.0,1.0,5.0,0.2,-25.0,SYNTHETIC_TRAINING_DATA
rec_000650,28961,reliable,24374.91,0.04,False,sub_sim_28961,8,4,9999.0,temporary_bank_failure,1,0.0,0,0,RETRY,0,0.0,1.0,5.0,0.2,-25.0,SYNTHETIC_TRAINING_DATA
rec_000651,63452,reliable,34653.95,0.04,False,sub_sim_63452,5,2,9999.0,temporary_bank_failure,1,0.0,0,0,RETRY,0,0.0,1.0,5.0,0.2,-25.0,SYNTHETIC_TRAINING_DATA
rec_000652,78952,reliable,76679.94,0.04,False,sub_sim_78952,6,7,59999.0,insufficient_funds,1,0.0,0,1,PAYMENT_LINK,1,59999.0,24.0,15.0,1.0,59884.0,SYNTHETIC_TRAINING_DATA
rec_000653,91283,reliable,45984.47,0.04,False,sub_sim_91283,4,8,999.0,invalid_payment_method,1,0.0,0,1,RETRY,0,0.0,1.0,5.0,0.2,-75.0,SYNTHETIC_TRAINING_DATA
rec_000654,12853,reliable,95850.54,0.04,False,sub_sim_12853,8,10,2499.0,invalid_payment_method,1,0.0,0,0,PAYMENT_LINK,1,2499.0,24.0,15.0,1.0,2384.0,SYNTHETIC_TRAINING_DATA
rec_000655,38566,reliable,47558.43,0.04,False,sub_sim_38566,1,6,2499.0,invalid_payment_method,1,0.0,0,0,REQUEST_ALTERNATE_METHOD,1,2499.0,36.0,20.0,1.5,2329.0,SYNTHETIC_TRAINING_DATA
rec_000656,75836,reliable,90295.83,0.04,False,sub_sim_75836,7,6,24999.0,insufficient_funds,1,0.0,0,0,PAYMENT_LINK,0,0.0,24.0,15.0,1.0,-115.0,SYNTHETIC_TRAINING_DATA
rec_000657,82997,occasional,23801.44,0.15,False,sub_sim_82997,5,4,9999.0,temporary_bank_failure,1,0.0,0,0,RETRY,1,9999.0,1.0,5.0,0.2,9974.0,SYNTHETIC_TRAINING_DATA
rec_000658,95536,reliable,86949.26,0.04,False,sub_sim_95536,9,9,59999.0,insufficient_funds,1,0.0,0,0,PAYMENT_LINK,1,59999.0,24.0,15.0,1.0,59884.0,SYNTHETIC_TRAINING_DATA
rec_000659,24268,reliable,94217.92,0.04,False,sub_sim_24268,5,6,4999.0,temporary_bank_failure,1,0.0,0,1,RETRY,1,4999.0,1.0,5.0,0.2,4974.0,SYNTHETIC_TRAINING_DATA
rec_000660,8674,high_risk,20838.0,0.35,False,sub_sim_8674,9,6,999.0,temporary_bank_failure,1,0.0,0,1,RETRY,0,0.0,1.0,5.0,0.2,-25.0,SYNTHETIC_TRAINING_DATA
rec_000661,13231,reliable,66500.45,0.04,False,sub_sim_13231,8,7,4999.0,temporary_bank_failure,1,0.0,0,0,RETRY,0,0.0,1.0,5.0,0.2,-25.0,SYNTHETIC_TRAINING_DATA
rec_000662,97163,occasional,30008.92,0.15,False,sub_sim_97163,4,4,24999.0,network_error,1,0.0,0,0,WAIT,0,0.0,24.0,0.0,0.0,0.0,SYNTHETIC_TRAINING_DATA
rec_000663,66464,occasional,37344.57,0.15,False,sub_sim_66464,8,8,999.0,insufficient_funds,1,0.0,0,1,SEND_REMINDER,1,999.0,12.0,10.0,1.2,869.0,SYNTHETIC_TRAINING_DATA
rec_000664,23176,reliable,72309.2,0.04,False,sub_sim_23176,2,5,9999.0,network_error,1,0.0,0,1,WAIT,0,0.0,24.0,0.0,0.0,0.0,SYNTHETIC_TRAINING_DATA
rec_000665,83359,reliable,61045.52,0.04,False,sub_sim_83359,4,9,2499.0,network_error,1,0.0,0,0,RETRY,1,2499.0,1.0,5.0,0.2,2474.0,SYNTHETIC_TRAINING_DATA
rec_000666,32182,reliable,58641.22,0.04,False,sub_sim_32182,1,8,999.0,insufficient_funds,1,0.0,0,0,PAYMENT_LINK,1,999.0,24.0,15.0,1.0,884.0,SYNTHETIC_TRAINING_DATA
rec_000667,41910,high_risk,23250.97,0.35,False,sub_sim_41910,1,8,59999.0,temporary_bank_failure,1,0.0,0,0,RETRY,1,59999.0,1.0,5.0,0.2,59974.0,SYNTHETIC_TRAINING_DATA
rec_000668,82207,reliable,59118.04,0.04,False,sub_sim_82207,2,3,4999.0,insufficient_funds,1,0.0,0,1,WAIT,0,0.0,24.0,0.0,0.0,0.0,SYNTHETIC_TRAINING_DATA
rec_000669,41268,reliable,79253.04,0.04,False,sub_sim_41268,3,5,4999.0,temporary_bank_failure,1,0.0,0,0,RETRY,1,4999.0,1.0,5.0,0.2,4974.0,SYNTHETIC_TRAINING_DATA
rec_000670,35517,reliable,94682.31,0.04,False,sub_sim_35517,8,4,24999.0,temporary_bank_failure,1,0.0,0,0,RETRY,0,0.0,1.0,5.0,0.2,-25.0,SYNTHETIC_TRAINING_DATA
rec_000671,13098,reliable,43540.38,0.04,False,sub_sim_13098,6,2,9999.0,temporary_bank_failure,1,0.0,0,1,RETRY,0,0.0,1.0,5.0,0.2,-25.0,SYNTHETIC_TRAINING_DATA
rec_000672,49454,reliable,90195.32,0.04,False,sub_sim_49454,1,10,4999.0,insufficient_funds,1,0.0,0,0,PAYMENT_LINK,1,4999.0,24.0,15.0,1.0,4884.0,SYNTHETIC_TRAINING_DATA
rec_000673,94490,reliable,36571.6,0.04,False,sub_sim_94490,8,6,4999.0,temporary_bank_failure,1,0.0,0,0,RETRY,0,0.0,1.0,5.0,0.2,-25.0,SYNTHETIC_TRAINING_DATA
rec_000674,38079,reliable,90342.7,0.04,False,sub_sim_38079,9,2,2499.0,insufficient_funds,1,0.0,0,0,PAYMENT_LINK,1,2499.0,24.0,15.0,1.0,2384.0,SYNTHETIC_TRAINING_DATA
rec_000675,39501,high_risk,18991.47,0.35,False,sub_sim_39501,6,8,24999.0,invalid_payment_method,1,0.0,0,1,STOP_RECOVERY,0,0.0,0.0,0.0,0.0,0.0,SYNTHETIC_TRAINING_DATA
rec_000676,4322,reliable,33272.12,0.04,False,sub_sim_4322,7,7,2499.0,invalid_payment_method,1,0.0,0,1,REQUEST_ALTERNATE_METHOD,1,2499.0,36.0,20.0,1.5,2329.0,SYNTHETIC_TRAINING_DATA
rec_000677,74871,reliable,61758.83,0.04,False,sub_sim_74871,8,10,4999.0,temporary_bank_failure,1,0.0,0,0,RETRY,1,4999.0,1.0,5.0,0.2,4974.0,SYNTHETIC_TRAINING_DATA
rec_000678,51885,reliable,73078.96,0.04,False,sub_sim_51885,4,8,4999.0,temporary_bank_failure,1,0.0,0,0,PAYMENT_LINK,0,0.0,24.0,15.0,1.0,-115.0,SYNTHETIC_TRAINING_DATA
rec_000679,98106,reliable,51004.41,0.04,False,sub_sim_98106,2,6,9999.0,insufficient_funds,1,0.0,0,0,RETRY,0,0.0,1.0,5.0,0.2,-75.0,SYNTHETIC_TRAINING_DATA
rec_000680,60357,reliable,95667.64,0.04,False,sub_sim_60357,9,6,9999.0,temporary_bank_failure,1,0.0,0,1,RETRY,0,0.0,1.0,5.0,0.2,-25.0,SYNTHETIC_TRAINING_DATA
rec_000681,40578,occasional,26861.99,0.15,False,sub_sim_40578,5,6,999.0,insufficient_funds,1,0.0,0,1,SEND_REMINDER,0,0.0,12.0,10.0,1.2,-130.0,SYNTHETIC_TRAINING_DATA
rec_000682,73568,reliable,35097.19,0.04,False,sub_sim_73568,8,6,999.0,invalid_payment_method,1,0.0,0,0,RETRY,0,0.0,1.0,5.0,0.2,-75.0,SYNTHETIC_TRAINING_DATA
rec_000683,30306,occasional,35821.98,0.15,False,sub_sim_30306,5,7,24999.0,temporary_bank_failure,1,0.0,0,0,RETRY,1,24999.0,1.0,5.0,0.2,24974.0,SYNTHETIC_TRAINING_DATA
rec_000684,2217,occasional,17431.99,0.15,False,sub_sim_2217,8,5,9999.0,invalid_payment_method,1,0.0,0,0,REQUEST_ALTERNATE_METHOD,1,9999.0,36.0,20.0,1.5,9829.0,SYNTHETIC_TRAINING_DATA
rec_000685,4514,reliable,29458.01,0.04,False,sub_sim_4514,7,4,999.0,insufficient_funds,1,0.0,0,0,PAYMENT_LINK,1,999.0,24.0,15.0,1.0,884.0,SYNTHETIC_TRAINING_DATA
rec_000686,9219,occasional,17005.59,0.15,False,sub_sim_9219,4,10,2499.0,authentication_failed,1,0.0,0,0,STOP_RECOVERY,0,0.0,0.0,0.0,0.0,0.0,SYNTHETIC_TRAINING_DATA
rec_000687,72839,high_risk,21819.55,0.35,False,sub_sim_72839,5,2,59999.0,authentication_failed,1,0.0,0,1,PAYMENT_LINK,0,0.0,24.0,15.0,1.0,-115.0,SYNTHETIC_TRAINING_DATA
rec_000688,15314,high_risk,24700.4,0.35,False,sub_sim_15314,1,7,9999.0,insufficient_funds,1,0.0,0,0,PAYMENT_LINK,0,0.0,24.0,15.0,1.0,-115.0,SYNTHETIC_TRAINING_DATA
rec_000689,50808,reliable,25109.88,0.04,False,sub_sim_50808,4,6,9999.0,invalid_payment_method,1,0.0,0,0,ESCALATE_TO_HUMAN,1,9999.0,48.0,150.0,0.8,9769.0,SYNTHETIC_TRAINING_DATA
rec_000690,62267,high_risk,24417.75,0.35,False,sub_sim_62267,6,3,4999.0,temporary_bank_failure,1,0.0,0,0,RETRY,1,4999.0,1.0,5.0,0.2,4974.0,SYNTHETIC_TRAINING_DATA
rec_000691,12459,reliable,90316.77,0.04,False,sub_sim_12459,1,7,999.0,insufficient_funds,1,0.0,0,0,STOP_RECOVERY,0,0.0,0.0,0.0,0.0,0.0,SYNTHETIC_TRAINING_DATA
rec_000692,82252,occasional,31746.66,0.15,False,sub_sim_82252,6,2,59999.0,temporary_bank_failure,1,0.0,0,0,RETRY,0,0.0,1.0,5.0,0.2,-25.0,SYNTHETIC_TRAINING_DATA
rec_000693,32675,high_risk,16374.78,0.35,False,sub_sim_32675,6,4,2499.0,temporary_bank_failure,1,0.0,0,1,RETRY,0,0.0,1.0,5.0,0.2,-25.0,SYNTHETIC_TRAINING_DATA
rec_000694,25346,occasional,49389.03,0.15,False,sub_sim_25346,4,6,999.0,insufficient_funds,1,0.0,0,0,SEND_REMINDER,1,999.0,12.0,10.0,1.2,869.0,SYNTHETIC_TRAINING_DATA
rec_000695,31195,reliable,69599.51,0.04,False,sub_sim_31195,8,3,4999.0,insufficient_funds,1,0.0,0,0,PAYMENT_LINK,1,4999.0,24.0,15.0,1.0,4884.0,SYNTHETIC_TRAINING_DATA
rec_000696,32792,reliable,54211.03,0.04,False,sub_sim_32792,8,2,2499.0,network_error,1,0.0,0,1,PAYMENT_LINK,1,2499.0,24.0,15.0,1.0,2384.0,SYNTHETIC_TRAINING_DATA
rec_000697,62109,reliable,85980.0,0.04,False,sub_sim_62109,9,9,9999.0,temporary_bank_failure,1,0.0,0,0,RETRY,0,0.0,1.0,5.0,0.2,-25.0,SYNTHETIC_TRAINING_DATA
rec_000698,94542,occasional,21095.03,0.15,False,sub_sim_94542,9,7,59999.0,temporary_bank_failure,1,0.0,0,0,SEND_REMINDER,0,0.0,12.0,10.0,1.2,-130.0,SYNTHETIC_TRAINING_DATA
rec_000699,18731,occasional,14363.4,0.15,False,sub_sim_18731,8,4,24999.0,card_expired,1,0.0,0,0,REQUEST_ALTERNATE_METHOD,0,0.0,36.0,20.0,1.5,-170.0,SYNTHETIC_TRAINING_DATA
rec_000700,50952,reliable,53399.91,0.04,False,sub_sim_50952,3,3,24999.0,temporary_bank_failure,1,0.0,0,1,PAYMENT_LINK,0,0.0,24.0,15.0,1.0,-115.0,SYNTHETIC_TRAINING_DATA
rec_000701,45856,occasional,35161.16,0.15,False,sub_sim_45856,4,7,4999.0,temporary_bank_failure,1,0.0,0,0,SEND_REMINDER,0,0.0,12.0,10.0,1.2,-130.0,SYNTHETIC_TRAINING_DATA
rec_000702,55003,reliable,31851.0,0.04,False,sub_sim_55003,2,7,9999.0,invalid_payment_method,1,0.0,0,1,ESCALATE_TO_HUMAN,0,0.0,48.0,150.0,0.8,-230.0,SYNTHETIC_TRAINING_DATA
rec_000703,94988,high_risk,22142.93,0.35,False,sub_sim_94988,4,3,9999.0,temporary_bank_failure,1,0.0,0,0,RETRY,0,0.0,1.0,5.0,0.2,-25.0,SYNTHETIC_TRAINING_DATA
rec_000704,74114,occasional,48280.05,0.15,False,sub_sim_74114,4,5,24999.0,card_expired,1,0.0,0,0,REQUEST_ALTERNATE_METHOD,1,24999.0,36.0,20.0,1.5,24829.0,SYNTHETIC_TRAINING_DATA
rec_000705,60873,reliable,91900.39,0.04,False,sub_sim_60873,3,8,24999.0,temporary_bank_failure,1,0.0,0,0,RETRY,0,0.0,1.0,5.0,0.2,-25.0,SYNTHETIC_TRAINING_DATA
rec_000706,5203,reliable,86110.96,0.04,False,sub_sim_5203,2,2,999.0,insufficient_funds,1,0.0,0,1,SEND_REMINDER,1,999.0,12.0,10.0,1.2,869.0,SYNTHETIC_TRAINING_DATA
rec_000707,58573,reliable,67817.7,0.04,False,sub_sim_58573,5,8,999.0,insufficient_funds,1,0.0,0,0,PAYMENT_LINK,0,0.0,24.0,15.0,1.0,-115.0,SYNTHETIC_TRAINING_DATA
rec_000708,25252,reliable,74530.92,0.04,False,sub_sim_25252,2,3,4999.0,invalid_payment_method,1,0.0,0,0,REQUEST_ALTERNATE_METHOD,1,4999.0,36.0,20.0,1.5,4829.0,SYNTHETIC_TRAINING_DATA
rec_000709,51501,reliable,68984.01,0.04,False,sub_sim_51501,8,10,2499.0,insufficient_funds,1,0.0,0,0,REQUEST_ALTERNATE_METHOD,0,0.0,36.0,20.0,1.5,-170.0,SYNTHETIC_TRAINING_DATA
rec_000710,94764,reliable,39971.27,0.04,False,sub_sim_94764,7,3,24999.0,invalid_payment_method,1,0.0,0,1,PAYMENT_LINK,0,0.0,24.0,15.0,1.0,-115.0,SYNTHETIC_TRAINING_DATA
rec_000711,34436,occasional,28839.15,0.15,False,sub_sim_34436,1,3,9999.0,insufficient_funds,1,0.0,0,0,STOP_RECOVERY,0,0.0,0.0,0.0,0.0,0.0,SYNTHETIC_TRAINING_DATA
rec_000712,28527,reliable,31568.79,0.04,False,sub_sim_28527,2,10,999.0,invalid_payment_method,1,0.0,0,0,REQUEST_ALTERNATE_METHOD,1,999.0,36.0,20.0,1.5,829.0,SYNTHETIC_TRAINING_DATA
rec_000713,44141,reliable,96259.79,0.04,False,sub_sim_44141,2,5,59999.0,temporary_bank_failure,1,0.0,0,1,RETRY,0,0.0,1.0,5.0,0.2,-25.0,SYNTHETIC_TRAINING_DATA
rec_000714,49513,high_risk,13686.33,0.35,False,sub_sim_49513,4,4,4999.0,insufficient_funds,1,0.0,0,1,SEND_REMINDER,1,4999.0,12.0,10.0,1.2,4869.0,SYNTHETIC_TRAINING_DATA
rec_000715,56306,reliable,56445.1,0.04,False,sub_sim_56306,6,9,2499.0,network_error,1,0.0,0,0,RETRY,0,0.0,1.0,5.0,0.2,-25.0,SYNTHETIC_TRAINING_DATA
rec_000716,99998,reliable,30066.8,0.04,False,sub_sim_99998,6,8,999.0,temporary_bank_failure,1,0.0,0,1,RETRY,0,0.0,1.0,5.0,0.2,-25.0,SYNTHETIC_TRAINING_DATA
rec_000717,71901,reliable,79218.08,0.04,False,sub_sim_71901,6,10,59999.0,invalid_payment_method,1,0.0,0,0,RETRY,0,0.0,1.0,5.0,0.2,-75.0,SYNTHETIC_TRAINING_DATA
rec_000718,74864,reliable,75049.21,0.04,False,sub_sim_74864,6,6,4999.0,temporary_bank_failure,1,0.0,0,0,RETRY,0,0.0,1.0,5.0,0.2,-25.0,SYNTHETIC_TRAINING_DATA
rec_000719,24106,reliable,48195.42,0.04,False,sub_sim_24106,4,3,4999.0,insufficient_funds,1,0.0,0,0,PAYMENT_LINK,1,4999.0,24.0,15.0,1.0,4884.0,SYNTHETIC_TRAINING_DATA
rec_000720,73532,reliable,50759.45,0.04,False,sub_sim_73532,7,6,4999.0,insufficient_funds,1,0.0,0,1,PAYMENT_LINK,0,0.0,24.0,15.0,1.0,-115.0,SYNTHETIC_TRAINING_DATA
rec_000721,41663,reliable,37881.46,0.04,False,sub_sim_41663,7,8,2499.0,temporary_bank_failure,1,0.0,0,0,RETRY,0,0.0,1.0,5.0,0.2,-25.0,SYNTHETIC_TRAINING_DATA
rec_000722,89351,reliable,43315.02,0.04,False,sub_sim_89351,5,3,999.0,temporary_bank_failure,1,0.0,0,0,RETRY,0,0.0,1.0,5.0,0.2,-25.0,SYNTHETIC_TRAINING_DATA
rec_000723,67522,occasional,28218.74,0.15,False,sub_sim_67522,1,6,2499.0,network_error,1,0.0,0,0,PAYMENT_LINK,1,2499.0,24.0,15.0,1.0,2384.0,SYNTHETIC_TRAINING_DATA
rec_000724,95689,reliable,79170.18,0.04,False,sub_sim_95689,7,5,2499.0,invalid_payment_method,1,0.0,0,0,RETRY,0,0.0,1.0,5.0,0.2,-75.0,SYNTHETIC_TRAINING_DATA
rec_000725,86905,occasional,39433.6,0.15,False,sub_sim_86905,9,7,59999.0,temporary_bank_failure,1,0.0,0,0,RETRY,0,0.0,1.0,5.0,0.2,-25.0,SYNTHETIC_TRAINING_DATA
rec_000726,40167,reliable,77425.24,0.04,False,sub_sim_40167,9,3,59999.0,temporary_bank_failure,1,0.0,0,0,RETRY,1,59999.0,1.0,5.0,0.2,59974.0,SYNTHETIC_TRAINING_DATA
rec_000727,70192,occasional,42084.03,0.15,False,sub_sim_70192,7,10,2499.0,invalid_payment_method,1,0.0,0,1,ESCALATE_TO_HUMAN,1,2499.0,48.0,150.0,0.8,2269.0,SYNTHETIC_TRAINING_DATA
rec_000728,58953,reliable,59281.87,0.04,False,sub_sim_58953,3,3,2499.0,insufficient_funds,1,0.0,0,0,SEND_REMINDER,1,2499.0,12.0,10.0,1.2,2369.0,SYNTHETIC_TRAINING_DATA
rec_000729,84134,reliable,91594.99,0.04,False,sub_sim_84134,8,9,9999.0,temporary_bank_failure,1,0.0,0,0,RETRY,1,9999.0,1.0,5.0,0.2,9974.0,SYNTHETIC_TRAINING_DATA
rec_000730,54450,reliable,45388.68,0.04,False,sub_sim_54450,3,7,24999.0,temporary_bank_failure,1,0.0,0,0,WAIT,0,0.0,6.0,0.0,0.0,0.0,SYNTHETIC_TRAINING_DATA
rec_000731,10072,occasional,20383.67,0.15,False,sub_sim_10072,3,2,24999.0,temporary_bank_failure,1,0.0,0,0,RETRY,0,0.0,1.0,5.0,0.2,-25.0,SYNTHETIC_TRAINING_DATA
rec_000732,84760,occasional,28145.64,0.15,False,sub_sim_84760,5,2,2499.0,temporary_bank_failure,1,0.0,0,0,RETRY,0,0.0,1.0,5.0,0.2,-25.0,SYNTHETIC_TRAINING_DATA
rec_000733,66609,reliable,83445.8,0.04,False,sub_sim_66609,7,7,9999.0,invalid_payment_method,1,0.0,0,1,REQUEST_ALTERNATE_METHOD,1,9999.0,36.0,20.0,1.5,9829.0,SYNTHETIC_TRAINING_DATA
rec_000734,96118,reliable,40690.73,0.04,False,sub_sim_96118,6,7,24999.0,network_error,1,0.0,0,1,RETRY,0,0.0,1.0,5.0,0.2,-25.0,SYNTHETIC_TRAINING_DATA
rec_000735,67180,reliable,92364.46,0.04,False,sub_sim_67180,6,3,4999.0,insufficient_funds,1,0.0,0,0,STOP_RECOVERY,0,0.0,0.0,0.0,0.0,0.0,SYNTHETIC_TRAINING_DATA
rec_000736,90728,reliable,68005.64,0.04,False,sub_sim_90728,9,4,4999.0,temporary_bank_failure,1,0.0,0,0,RETRY,0,0.0,1.0,5.0,0.2,-25.0,SYNTHETIC_TRAINING_DATA
rec_000737,89371,reliable,39938.85,0.04,False,sub_sim_89371,3,8,24999.0,temporary_bank_failure,1,0.0,0,0,RETRY,0,0.0,1.0,5.0,0.2,-25.0,SYNTHETIC_TRAINING_DATA
rec_000738,72632,reliable,63287.66,0.04,False,sub_sim_72632,8,6,24999.0,insufficient_funds,1,0.0,0,0,SEND_REMINDER,0,0.0,12.0,10.0,1.2,-130.0,SYNTHETIC_TRAINING_DATA
rec_000739,86526,reliable,39333.86,0.04,False,sub_sim_86526,6,3,999.0,temporary_bank_failure,1,0.0,0,1,RETRY,0,0.0,1.0,5.0,0.2,-25.0,SYNTHETIC_TRAINING_DATA
rec_000740,76369,reliable,33028.55,0.04,False,sub_sim_76369,1,2,9999.0,authentication_failed,1,0.0,0,0,PAYMENT_LINK,1,9999.0,24.0,15.0,1.0,9884.0,SYNTHETIC_TRAINING_DATA
rec_000741,13718,reliable,93368.45,0.04,False,sub_sim_13718,8,6,999.0,insufficient_funds,1,0.0,0,0,PAYMENT_LINK,1,999.0,24.0,15.0,1.0,884.0,SYNTHETIC_TRAINING_DATA
rec_000742,92555,reliable,31051.21,0.04,False,sub_sim_92555,5,6,24999.0,temporary_bank_failure,1,0.0,0,0,RETRY,1,24999.0,1.0,5.0,0.2,24974.0,SYNTHETIC_TRAINING_DATA
rec_000743,99863,reliable,84291.35,0.04,False,sub_sim_99863,2,8,24999.0,temporary_bank_failure,1,0.0,0,0,RETRY,0,0.0,1.0,5.0,0.2,-25.0,SYNTHETIC_TRAINING_DATA
rec_000744,74831,occasional,29503.68,0.15,False,sub_sim_74831,4,4,999.0,insufficient_funds,1,0.0,0,0,RETRY,0,0.0,1.0,5.0,0.2,-75.0,SYNTHETIC_TRAINING_DATA
rec_000745,32138,reliable,92651.53,0.04,False,sub_sim_32138,9,3,59999.0,insufficient_funds,1,0.0,0,0,PAYMENT_LINK,1,59999.0,24.0,15.0,1.0,59884.0,SYNTHETIC_TRAINING_DATA
rec_000746,81036,reliable,65898.42,0.04,False,sub_sim_81036,8,3,59999.0,invalid_payment_method,1,0.0,0,0,REQUEST_ALTERNATE_METHOD,1,59999.0,36.0,20.0,1.5,59829.0,SYNTHETIC_TRAINING_DATA
rec_000747,56052,occasional,16661.59,0.15,False,sub_sim_56052,7,6,2499.0,invalid_payment_method,1,0.0,0,0,PAYMENT_LINK,1,2499.0,24.0,15.0,1.0,2384.0,SYNTHETIC_TRAINING_DATA
rec_000748,54307,reliable,70547.69,0.04,False,sub_sim_54307,2,5,24999.0,insufficient_funds,1,0.0,0,1,PAYMENT_LINK,1,24999.0,24.0,15.0,1.0,24884.0,SYNTHETIC_TRAINING_DATA
rec_000749,3167,occasional,22110.52,0.15,False,sub_sim_3167,3,3,9999.0,temporary_bank_failure,1,0.0,0,0,RETRY,1,9999.0,1.0,5.0,0.2,9974.0,SYNTHETIC_TRAINING_DATA
rec_000750,8155,reliable,40301.1,0.04,False,sub_sim_8155,2,5,4999.0,temporary_bank_failure,1,0.0,0,0,RETRY,0,0.0,1.0,5.0,0.2,-25.0,SYNTHETIC_TRAINING_DATA
rec_000751,80585,reliable,90662.81,0.04,False,sub_sim_80585,6,3,4999.0,insufficient_funds,1,0.0,0,0,RETRY,0,0.0,1.0,5.0,0.2,-75.0,SYNTHETIC_TRAINING_DATA
rec_000752,57978,occasional,15476.21,0.15,False,sub_sim_57978,4,6,9999.0,temporary_bank_failure,1,0.0,0,0,RETRY,0,0.0,1.0,5.0,0.2,-25.0,SYNTHETIC_TRAINING_DATA
rec_000753,97423,occasional,47289.96,0.15,False,sub_sim_97423,9,8,9999.0,temporary_bank_failure,1,0.0,0,1,RETRY,0,0.0,1.0,5.0,0.2,-25.0,SYNTHETIC_TRAINING_DATA
rec_000754,79031,reliable,50600.47,0.04,False,sub_sim_79031,3,6,999.0,network_error,1,0.0,0,0,RETRY,0,0.0,1.0,5.0,0.2,-25.0,SYNTHETIC_TRAINING_DATA
rec_000755,22473,reliable,35548.55,0.04,False,sub_sim_22473,3,10,999.0,temporary_bank_failure,1,0.0,0,0,RETRY,0,0.0,1.0,5.0,0.2,-25.0,SYNTHETIC_TRAINING_DATA
rec_000756,99388,reliable,84774.59,0.04,False,sub_sim_99388,8,6,4999.0,insufficient_funds,1,0.0,0,1,RETRY,0,0.0,1.0,5.0,0.2,-75.0,SYNTHETIC_TRAINING_DATA
rec_000757,47512,reliable,38620.03,0.04,False,sub_sim_47512,2,4,59999.0,temporary_bank_failure,1,0.0,0,0,RETRY,0,0.0,1.0,5.0,0.2,-25.0,SYNTHETIC_TRAINING_DATA
rec_000758,46423,reliable,88761.37,0.04,False,sub_sim_46423,1,7,59999.0,temporary_bank_failure,1,0.0,0,1,RETRY,0,0.0,1.0,5.0,0.2,-25.0,SYNTHETIC_TRAINING_DATA
rec_000759,8406,reliable,57644.56,0.04,False,sub_sim_8406,7,6,999.0,card_expired,1,0.0,0,0,PAYMENT_LINK,0,0.0,24.0,15.0,1.0,-115.0,SYNTHETIC_TRAINING_DATA
rec_000760,49032,reliable,39933.84,0.04,False,sub_sim_49032,4,5,2499.0,insufficient_funds,1,0.0,0,0,SEND_REMINDER,0,0.0,12.0,10.0,1.2,-130.0,SYNTHETIC_TRAINING_DATA
rec_000761,39600,reliable,27737.2,0.04,False,sub_sim_39600,2,9,2499.0,temporary_bank_failure,1,0.0,0,1,RETRY,1,2499.0,1.0,5.0,0.2,2474.0,SYNTHETIC_TRAINING_DATA
rec_000762,85727,reliable,51414.2,0.04,False,sub_sim_85727,7,4,2499.0,temporary_bank_failure,1,0.0,0,0,RETRY,0,0.0,1.0,5.0,0.2,-25.0,SYNTHETIC_TRAINING_DATA
rec_000763,43026,reliable,97823.73,0.04,False,sub_sim_43026,2,8,59999.0,temporary_bank_failure,1,0.0,0,1,RETRY,0,0.0,1.0,5.0,0.2,-25.0,SYNTHETIC_TRAINING_DATA
rec_000764,28433,reliable,34843.7,0.04,False,sub_sim_28433,4,2,2499.0,temporary_bank_failure,1,0.0,0,0,RETRY,0,0.0,1.0,5.0,0.2,-25.0,SYNTHETIC_TRAINING_DATA
rec_000765,46468,reliable,63593.41,0.04,False,sub_sim_46468,4,5,59999.0,insufficient_funds,1,0.0,0,0,PAYMENT_LINK,1,59999.0,24.0,15.0,1.0,59884.0,SYNTHETIC_TRAINING_DATA
rec_000766,57362,occasional,27191.15,0.15,False,sub_sim_57362,8,5,9999.0,authentication_failed,1,0.0,0,0,RETRY,0,0.0,1.0,5.0,0.2,-75.0,SYNTHETIC_TRAINING_DATA
rec_000767,84767,reliable,73714.46,0.04,False,sub_sim_84767,3,4,2499.0,temporary_bank_failure,1,0.0,0,1,RETRY,0,0.0,1.0,5.0,0.2,-25.0,SYNTHETIC_TRAINING_DATA
rec_000768,36239,occasional,16941.94,0.15,False,sub_sim_36239,3,2,4999.0,invalid_payment_method,1,0.0,0,0,REQUEST_ALTERNATE_METHOD,1,4999.0,36.0,20.0,1.5,4829.0,SYNTHETIC_TRAINING_DATA
rec_000769,13341,reliable,65251.07,0.04,False,sub_sim_13341,1,6,24999.0,temporary_bank_failure,1,0.0,0,1,RETRY,1,24999.0,1.0,5.0,0.2,24974.0,SYNTHETIC_TRAINING_DATA
rec_000770,13176,reliable,34146.26,0.04,False,sub_sim_13176,9,7,999.0,temporary_bank_failure,1,0.0,0,1,RETRY,0,0.0,1.0,5.0,0.2,-25.0,SYNTHETIC_TRAINING_DATA
rec_000771,75455,reliable,72267.52,0.04,False,sub_sim_75455,7,7,59999.0,temporary_bank_failure,1,0.0,0,0,PAYMENT_LINK,1,59999.0,24.0,15.0,1.0,59884.0,SYNTHETIC_TRAINING_DATA
rec_000772,44166,reliable,27187.57,0.04,False,sub_sim_44166,3,3,4999.0,temporary_bank_failure,1,0.0,0,0,RETRY,0,0.0,1.0,5.0,0.2,-25.0,SYNTHETIC_TRAINING_DATA
rec_000773,24763,reliable,66481.26,0.04,False,sub_sim_24763,3,9,9999.0,card_expired,1,0.0,0,1,PAYMENT_LINK,1,9999.0,24.0,15.0,1.0,9884.0,SYNTHETIC_TRAINING_DATA
rec_000774,95040,high_risk,20308.59,0.35,False,sub_sim_95040,8,3,9999.0,insufficient_funds,1,0.0,0,1,WAIT,0,0.0,24.0,0.0,0.0,0.0,SYNTHETIC_TRAINING_DATA
rec_000775,20750,reliable,54298.06,0.04,False,sub_sim_20750,5,4,999.0,temporary_bank_failure,1,0.0,0,1,RETRY,1,999.0,1.0,5.0,0.2,974.0,SYNTHETIC_TRAINING_DATA
rec_000776,72213,occasional,34748.45,0.15,False,sub_sim_72213,2,9,9999.0,invalid_payment_method,1,0.0,0,0,WAIT,0,0.0,24.0,0.0,0.0,0.0,SYNTHETIC_TRAINING_DATA
rec_000777,64825,reliable,36948.36,0.04,False,sub_sim_64825,8,2,2499.0,invalid_payment_method,1,0.0,0,0,REQUEST_ALTERNATE_METHOD,1,2499.0,36.0,20.0,1.5,2329.0,SYNTHETIC_TRAINING_DATA
rec_000778,74519,reliable,57102.52,0.04,False,sub_sim_74519,8,9,999.0,temporary_bank_failure,1,0.0,0,0,PAYMENT_LINK,1,999.0,24.0,15.0,1.0,884.0,SYNTHETIC_TRAINING_DATA
rec_000779,66603,reliable,93284.21,0.04,False,sub_sim_66603,1,8,4999.0,temporary_bank_failure,1,0.0,0,1,RETRY,0,0.0,1.0,5.0,0.2,-25.0,SYNTHETIC_TRAINING_DATA
rec_000780,23931,reliable,77017.43,0.04,False,sub_sim_23931,3,3,9999.0,insufficient_funds,1,0.0,0,0,SEND_REMINDER,0,0.0,12.0,10.0,1.2,-130.0,SYNTHETIC_TRAINING_DATA
rec_000781,72127,reliable,86771.42,0.04,False,sub_sim_72127,6,8,9999.0,insufficient_funds,1,0.0,0,0,PAYMENT_LINK,1,9999.0,24.0,15.0,1.0,9884.0,SYNTHETIC_TRAINING_DATA
rec_000782,2190,occasional,28169.62,0.15,False,sub_sim_2190,3,6,4999.0,invalid_payment_method,1,0.0,0,0,REQUEST_ALTERNATE_METHOD,1,4999.0,36.0,20.0,1.5,4829.0,SYNTHETIC_TRAINING_DATA
rec_000783,85976,reliable,62360.67,0.04,False,sub_sim_85976,1,8,4999.0,temporary_bank_failure,1,0.0,0,0,RETRY,0,0.0,1.0,5.0,0.2,-25.0,SYNTHETIC_TRAINING_DATA
rec_000784,38545,reliable,60863.12,0.04,False,sub_sim_38545,6,7,4999.0,invalid_payment_method,1,0.0,0,0,REQUEST_ALTERNATE_METHOD,1,4999.0,36.0,20.0,1.5,4829.0,SYNTHETIC_TRAINING_DATA
rec_000785,89796,occasional,12678.77,0.15,False,sub_sim_89796,5,3,4999.0,insufficient_funds,1,0.0,0,0,ESCALATE_TO_HUMAN,1,4999.0,48.0,150.0,0.8,4769.0,SYNTHETIC_TRAINING_DATA
rec_000786,8634,reliable,76294.91,0.04,False,sub_sim_8634,3,9,2499.0,insufficient_funds,1,0.0,0,0,PAYMENT_LINK,1,2499.0,24.0,15.0,1.0,2384.0,SYNTHETIC_TRAINING_DATA
rec_000787,18268,reliable,20067.23,0.04,False,sub_sim_18268,9,8,9999.0,insufficient_funds,1,0.0,0,1,PAYMENT_LINK,0,0.0,24.0,15.0,1.0,-115.0,SYNTHETIC_TRAINING_DATA
rec_000788,80226,reliable,62047.01,0.04,False,sub_sim_80226,2,3,4999.0,invalid_payment_method,1,0.0,0,0,REQUEST_ALTERNATE_METHOD,1,4999.0,36.0,20.0,1.5,4829.0,SYNTHETIC_TRAINING_DATA
rec_000789,19626,reliable,80835.92,0.04,False,sub_sim_19626,3,7,9999.0,insufficient_funds,1,0.0,0,0,SEND_REMINDER,0,0.0,12.0,10.0,1.2,-130.0,SYNTHETIC_TRAINING_DATA
rec_000790,18034,reliable,21006.18,0.04,False,sub_sim_18034,8,3,9999.0,network_error,1,0.0,0,0,WAIT,0,0.0,24.0,0.0,0.0,0.0,SYNTHETIC_TRAINING_DATA
rec_000791,69826,reliable,99618.96,0.04,False,sub_sim_69826,8,2,9999.0,authentication_failed,1,0.0,0,0,SEND_REMINDER,0,0.0,12.0,10.0,1.2,-130.0,SYNTHETIC_TRAINING_DATA
rec_000792,12471,reliable,50270.22,0.04,False,sub_sim_12471,3,8,59999.0,temporary_bank_failure,1,0.0,0,0,RETRY,0,0.0,1.0,5.0,0.2,-25.0,SYNTHETIC_TRAINING_DATA
rec_000793,97225,occasional,19794.57,0.15,False,sub_sim_97225,1,7,999.0,temporary_bank_failure,1,0.0,0,1,RETRY,0,0.0,1.0,5.0,0.2,-25.0,SYNTHETIC_TRAINING_DATA
rec_000794,69435,reliable,45640.89,0.04,False,sub_sim_69435,2,8,999.0,insufficient_funds,1,0.0,0,0,RETRY,0,0.0,1.0,5.0,0.2,-75.0,SYNTHETIC_TRAINING_DATA
rec_000795,41553,reliable,51118.65,0.04,False,sub_sim_41553,5,3,24999.0,authentication_failed,1,0.0,0,0,WAIT,0,0.0,24.0,0.0,0.0,0.0,SYNTHETIC_TRAINING_DATA
rec_000796,44916,reliable,42764.42,0.04,False,sub_sim_44916,9,8,2499.0,temporary_bank_failure,1,0.0,0,1,PAYMENT_LINK,0,0.0,24.0,15.0,1.0,-115.0,SYNTHETIC_TRAINING_DATA
rec_000797,20502,reliable,91617.31,0.04,False,sub_sim_20502,4,9,24999.0,temporary_bank_failure,1,0.0,0,0,RETRY,0,0.0,1.0,5.0,0.2,-25.0,SYNTHETIC_TRAINING_DATA
rec_000798,79112,reliable,57584.89,0.04,False,sub_sim_79112,7,7,24999.0,insufficient_funds,1,0.0,0,0,RETRY,0,0.0,1.0,5.0,0.2,-75.0,SYNTHETIC_TRAINING_DATA
rec_000799,23094,reliable,79191.28,0.04,False,sub_sim_23094,9,8,4999.0,temporary_bank_failure,1,0.0,0,0,RETRY,0,0.0,1.0,5.0,0.2,-25.0,SYNTHETIC_TRAINING_DATA
rec_000800,86147,reliable,65074.82,0.04,False,sub_sim_86147,6,5,24999.0,insufficient_funds,1,0.0,0,1,SEND_REMINDER,1,24999.0,12.0,10.0,1.2,24869.0,SYNTHETIC_TRAINING_DATA
rec_000801,40739,high_risk,23205.14,0.35,False,sub_sim_40739,2,7,9999.0,network_error,1,0.0,0,1,PAYMENT_LINK,1,9999.0,24.0,15.0,1.0,9884.0,SYNTHETIC_TRAINING_DATA
rec_000802,94296,reliable,21124.79,0.04,False,sub_sim_94296,2,5,24999.0,insufficient_funds,1,0.0,0,0,SEND_REMINDER,1,24999.0,12.0,10.0,1.2,24869.0,SYNTHETIC_TRAINING_DATA
rec_000803,39847,reliable,46830.96,0.04,False,sub_sim_39847,3,2,9999.0,insufficient_funds,1,0.0,0,0,SEND_REMINDER,0,0.0,12.0,10.0,1.2,-130.0,SYNTHETIC_TRAINING_DATA
rec_000804,33141,reliable,98158.38,0.04,False,sub_sim_33141,1,9,4999.0,insufficient_funds,1,0.0,0,0,PAYMENT_LINK,1,4999.0,24.0,15.0,1.0,4884.0,SYNTHETIC_TRAINING_DATA
rec_000805,47043,reliable,57720.79,0.04,False,sub_sim_47043,2,4,59999.0,insufficient_funds,1,0.0,0,1,PAYMENT_LINK,0,0.0,24.0,15.0,1.0,-115.0,SYNTHETIC_TRAINING_DATA
rec_000806,23309,occasional,12911.06,0.15,False,sub_sim_23309,4,7,2499.0,temporary_bank_failure,1,0.0,0,0,PAYMENT_LINK,0,0.0,24.0,15.0,1.0,-115.0,SYNTHETIC_TRAINING_DATA
rec_000807,6560,reliable,22991.33,0.04,False,sub_sim_6560,2,4,2499.0,invalid_payment_method,1,0.0,0,1,SEND_REMINDER,0,0.0,12.0,10.0,1.2,-130.0,SYNTHETIC_TRAINING_DATA
rec_000808,93334,reliable,40881.01,0.04,False,sub_sim_93334,1,9,2499.0,temporary_bank_failure,1,0.0,0,0,RETRY,0,0.0,1.0,5.0,0.2,-25.0,SYNTHETIC_TRAINING_DATA
rec_000809,42528,reliable,46924.5,0.04,False,sub_sim_42528,5,6,24999.0,invalid_payment_method,1,0.0,0,0,PAYMENT_LINK,0,0.0,24.0,15.0,1.0,-115.0,SYNTHETIC_TRAINING_DATA
rec_000810,29417,occasional,19123.25,0.15,False,sub_sim_29417,8,4,24999.0,temporary_bank_failure,1,0.0,0,0,WAIT,0,0.0,6.0,0.0,0.0,0.0,SYNTHETIC_TRAINING_DATA
rec_000811,21977,high_risk,24911.63,0.35,False,sub_sim_21977,8,9,9999.0,temporary_bank_failure,1,0.0,0,1,RETRY,1,9999.0,1.0,5.0,0.2,9974.0,SYNTHETIC_TRAINING_DATA
rec_000812,16063,reliable,72713.13,0.04,False,sub_sim_16063,1,9,4999.0,insufficient_funds,1,0.0,0,0,PAYMENT_LINK,1,4999.0,24.0,15.0,1.0,4884.0,SYNTHETIC_TRAINING_DATA
rec_000813,6734,occasional,14780.87,0.15,False,sub_sim_6734,7,2,59999.0,temporary_bank_failure,1,0.0,0,0,WAIT,0,0.0,6.0,0.0,0.0,0.0,SYNTHETIC_TRAINING_DATA
rec_000814,92527,reliable,99232.52,0.04,False,sub_sim_92527,5,8,999.0,temporary_bank_failure,1,0.0,0,1,RETRY,1,999.0,1.0,5.0,0.2,974.0,SYNTHETIC_TRAINING_DATA
rec_000815,42195,reliable,53897.09,0.04,False,sub_sim_42195,8,10,59999.0,network_error,1,0.0,0,0,PAYMENT_LINK,0,0.0,24.0,15.0,1.0,-115.0,SYNTHETIC_TRAINING_DATA
rec_000816,98412,occasional,32931.73,0.15,False,sub_sim_98412,2,3,999.0,invalid_payment_method,1,0.0,0,1,STOP_RECOVERY,0,0.0,0.0,0.0,0.0,0.0,SYNTHETIC_TRAINING_DATA
rec_000817,16286,reliable,33059.09,0.04,False,sub_sim_16286,7,4,2499.0,temporary_bank_failure,1,0.0,0,0,RETRY,0,0.0,1.0,5.0,0.2,-25.0,SYNTHETIC_TRAINING_DATA
rec_000818,2577,occasional,29544.23,0.15,False,sub_sim_2577,5,4,4999.0,network_error,1,0.0,0,1,PAYMENT_LINK,1,4999.0,24.0,15.0,1.0,4884.0,SYNTHETIC_TRAINING_DATA
rec_000819,89763,high_risk,22900.28,0.35,False,sub_sim_89763,4,2,24999.0,temporary_bank_failure,1,0.0,0,1,RETRY,0,0.0,1.0,5.0,0.2,-25.0,SYNTHETIC_TRAINING_DATA
rec_000820,83991,reliable,22604.9,0.04,False,sub_sim_83991,5,4,9999.0,network_error,1,0.0,0,1,WAIT,0,0.0,24.0,0.0,0.0,0.0,SYNTHETIC_TRAINING_DATA
rec_000821,86931,reliable,73970.08,0.04,False,sub_sim_86931,5,5,9999.0,temporary_bank_failure,1,0.0,0,1,RETRY,1,9999.0,1.0,5.0,0.2,9974.0,SYNTHETIC_TRAINING_DATA
rec_000822,65401,reliable,67085.3,0.04,False,sub_sim_65401,3,9,2499.0,card_expired,1,0.0,0,1,REQUEST_ALTERNATE_METHOD,0,0.0,36.0,20.0,1.5,-170.0,SYNTHETIC_TRAINING_DATA
rec_000823,63471,reliable,50202.94,0.04,False,sub_sim_63471,9,4,59999.0,insufficient_funds,1,0.0,0,0,RETRY,0,0.0,1.0,5.0,0.2,-75.0,SYNTHETIC_TRAINING_DATA
rec_000824,9699,occasional,42016.06,0.15,False,sub_sim_9699,4,8,999.0,temporary_bank_failure,1,0.0,0,0,RETRY,0,0.0,1.0,5.0,0.2,-25.0,SYNTHETIC_TRAINING_DATA
rec_000825,80110,reliable,48262.65,0.04,False,sub_sim_80110,7,4,2499.0,invalid_payment_method,1,0.0,0,1,REQUEST_ALTERNATE_METHOD,0,0.0,36.0,20.0,1.5,-170.0,SYNTHETIC_TRAINING_DATA
rec_000826,59837,reliable,32231.01,0.04,False,sub_sim_59837,6,5,2499.0,temporary_bank_failure,1,0.0,0,0,PAYMENT_LINK,0,0.0,24.0,15.0,1.0,-115.0,SYNTHETIC_TRAINING_DATA
rec_000827,38907,reliable,88663.8,0.04,False,sub_sim_38907,6,2,4999.0,temporary_bank_failure,1,0.0,0,0,RETRY,0,0.0,1.0,5.0,0.2,-25.0,SYNTHETIC_TRAINING_DATA
rec_000828,59086,reliable,38927.74,0.04,False,sub_sim_59086,1,6,999.0,authentication_failed,1,0.0,0,0,WAIT,0,0.0,24.0,0.0,0.0,0.0,SYNTHETIC_TRAINING_DATA
rec_000829,92656,reliable,70835.18,0.04,False,sub_sim_92656,1,7,59999.0,temporary_bank_failure,1,0.0,0,0,RETRY,0,0.0,1.0,5.0,0.2,-25.0,SYNTHETIC_TRAINING_DATA
rec_000830,1927,occasional,45189.06,0.15,False,sub_sim_1927,9,5,9999.0,insufficient_funds,1,0.0,0,0,PAYMENT_LINK,1,9999.0,24.0,15.0,1.0,9884.0,SYNTHETIC_TRAINING_DATA
rec_000831,85868,reliable,81802.99,0.04,False,sub_sim_85868,3,9,24999.0,invalid_payment_method,1,0.0,0,0,REQUEST_ALTERNATE_METHOD,1,24999.0,36.0,20.0,1.5,24829.0,SYNTHETIC_TRAINING_DATA
rec_000832,31385,reliable,71998.51,0.04,False,sub_sim_31385,7,3,999.0,temporary_bank_failure,1,0.0,0,1,RETRY,0,0.0,1.0,5.0,0.2,-25.0,SYNTHETIC_TRAINING_DATA
rec_000833,59416,reliable,36348.49,0.04,False,sub_sim_59416,1,4,9999.0,insufficient_funds,1,0.0,0,0,SEND_REMINDER,0,0.0,12.0,10.0,1.2,-130.0,SYNTHETIC_TRAINING_DATA
rec_000834,98081,high_risk,13523.02,0.35,False,sub_sim_98081,6,6,2499.0,insufficient_funds,1,0.0,0,0,PAYMENT_LINK,0,0.0,24.0,15.0,1.0,-115.0,SYNTHETIC_TRAINING_DATA
rec_000835,48291,reliable,55241.88,0.04,False,sub_sim_48291,5,2,59999.0,temporary_bank_failure,1,0.0,0,0,RETRY,0,0.0,1.0,5.0,0.2,-25.0,SYNTHETIC_TRAINING_DATA
rec_000836,93560,reliable,22490.1,0.04,False,sub_sim_93560,4,6,2499.0,temporary_bank_failure,1,0.0,0,0,RETRY,0,0.0,1.0,5.0,0.2,-25.0,SYNTHETIC_TRAINING_DATA
rec_000837,99849,reliable,28976.88,0.04,False,sub_sim_99849,8,2,999.0,temporary_bank_failure,1,0.0,0,0,RETRY,0,0.0,1.0,5.0,0.2,-25.0,SYNTHETIC_TRAINING_DATA
rec_000838,26994,reliable,94386.36,0.04,False,sub_sim_26994,1,5,4999.0,insufficient_funds,1,0.0,0,0,PAYMENT_LINK,0,0.0,24.0,15.0,1.0,-115.0,SYNTHETIC_TRAINING_DATA
rec_000839,75379,reliable,34912.12,0.04,False,sub_sim_75379,7,6,999.0,temporary_bank_failure,1,0.0,0,0,RETRY,0,0.0,1.0,5.0,0.2,-25.0,SYNTHETIC_TRAINING_DATA
rec_000840,35933,occasional,32465.39,0.15,False,sub_sim_35933,6,2,9999.0,invalid_payment_method,1,0.0,0,1,REQUEST_ALTERNATE_METHOD,1,9999.0,36.0,20.0,1.5,9829.0,SYNTHETIC_TRAINING_DATA
rec_000841,45912,reliable,65936.13,0.04,False,sub_sim_45912,5,5,999.0,temporary_bank_failure,1,0.0,0,0,SEND_REMINDER,0,0.0,12.0,10.0,1.2,-130.0,SYNTHETIC_TRAINING_DATA
rec_000842,90404,high_risk,23415.7,0.35,False,sub_sim_90404,1,9,4999.0,authentication_failed,1,0.0,0,0,WAIT,0,0.0,24.0,0.0,0.0,0.0,SYNTHETIC_TRAINING_DATA
rec_000843,47394,reliable,94885.33,0.04,False,sub_sim_47394,5,8,24999.0,invalid_payment_method,1,0.0,0,0,REQUEST_ALTERNATE_METHOD,0,0.0,36.0,20.0,1.5,-170.0,SYNTHETIC_TRAINING_DATA
rec_000844,26281,reliable,34520.28,0.04,False,sub_sim_26281,5,7,2499.0,temporary_bank_failure,1,0.0,0,0,RETRY,0,0.0,1.0,5.0,0.2,-25.0,SYNTHETIC_TRAINING_DATA
rec_000845,99076,reliable,49914.05,0.04,False,sub_sim_99076,2,3,2499.0,insufficient_funds,1,0.0,0,1,SEND_REMINDER,0,0.0,12.0,10.0,1.2,-130.0,SYNTHETIC_TRAINING_DATA
rec_000846,84360,reliable,57061.1,0.04,False,sub_sim_84360,2,6,59999.0,network_error,1,0.0,0,1,ESCALATE_TO_HUMAN,0,0.0,48.0,150.0,0.8,-230.0,SYNTHETIC_TRAINING_DATA
rec_000847,69970,reliable,22596.66,0.04,False,sub_sim_69970,4,7,4999.0,insufficient_funds,1,0.0,0,0,RETRY,0,0.0,1.0,5.0,0.2,-75.0,SYNTHETIC_TRAINING_DATA
rec_000848,39979,occasional,18515.35,0.15,False,sub_sim_39979,2,9,59999.0,invalid_payment_method,1,0.0,0,1,REQUEST_ALTERNATE_METHOD,1,59999.0,36.0,20.0,1.5,59829.0,SYNTHETIC_TRAINING_DATA
rec_000849,8981,occasional,22818.81,0.15,False,sub_sim_8981,3,7,2499.0,temporary_bank_failure,1,0.0,0,0,RETRY,1,2499.0,1.0,5.0,0.2,2474.0,SYNTHETIC_TRAINING_DATA
rec_000850,71055,reliable,25730.43,0.04,False,sub_sim_71055,9,3,9999.0,insufficient_funds,1,0.0,0,0,PAYMENT_LINK,1,9999.0,24.0,15.0,1.0,9884.0,SYNTHETIC_TRAINING_DATA
rec_000851,66055,occasional,14430.45,0.15,False,sub_sim_66055,2,4,2499.0,network_error,1,0.0,0,0,WAIT,0,0.0,24.0,0.0,0.0,0.0,SYNTHETIC_TRAINING_DATA
rec_000852,56143,reliable,89792.24,0.04,False,sub_sim_56143,9,9,4999.0,network_error,1,0.0,0,0,WAIT,0,0.0,24.0,0.0,0.0,0.0,SYNTHETIC_TRAINING_DATA
rec_000853,44571,reliable,89435.92,0.04,False,sub_sim_44571,5,8,2499.0,network_error,1,0.0,0,0,RETRY,0,0.0,1.0,5.0,0.2,-25.0,SYNTHETIC_TRAINING_DATA
rec_000854,53530,reliable,82109.26,0.04,False,sub_sim_53530,7,5,59999.0,invalid_payment_method,1,0.0,0,1,REQUEST_ALTERNATE_METHOD,1,59999.0,36.0,20.0,1.5,59829.0,SYNTHETIC_TRAINING_DATA
rec_000855,51594,reliable,95819.81,0.04,False,sub_sim_51594,7,5,2499.0,temporary_bank_failure,1,0.0,0,0,RETRY,0,0.0,1.0,5.0,0.2,-25.0,SYNTHETIC_TRAINING_DATA
rec_000856,29571,reliable,67505.63,0.04,False,sub_sim_29571,2,6,4999.0,insufficient_funds,1,0.0,0,0,PAYMENT_LINK,1,4999.0,24.0,15.0,1.0,4884.0,SYNTHETIC_TRAINING_DATA
rec_000857,16165,reliable,79137.07,0.04,False,sub_sim_16165,3,9,999.0,invalid_payment_method,1,0.0,0,0,RETRY,0,0.0,1.0,5.0,0.2,-75.0,SYNTHETIC_TRAINING_DATA
rec_000858,58529,reliable,97411.36,0.04,False,sub_sim_58529,5,7,2499.0,temporary_bank_failure,1,0.0,0,0,RETRY,1,2499.0,1.0,5.0,0.2,2474.0,SYNTHETIC_TRAINING_DATA
rec_000859,60186,reliable,92590.82,0.04,False,sub_sim_60186,2,5,24999.0,insufficient_funds,1,0.0,0,0,RETRY,0,0.0,1.0,5.0,0.2,-75.0,SYNTHETIC_TRAINING_DATA
rec_000860,64859,high_risk,12038.33,0.35,False,sub_sim_64859,8,10,4999.0,temporary_bank_failure,1,0.0,0,0,RETRY,1,4999.0,1.0,5.0,0.2,4974.0,SYNTHETIC_TRAINING_DATA
rec_000861,74770,high_risk,20922.41,0.35,False,sub_sim_74770,6,3,9999.0,insufficient_funds,1,0.0,0,1,RETRY,0,0.0,1.0,5.0,0.2,-75.0,SYNTHETIC_TRAINING_DATA
rec_000862,78649,reliable,66671.73,0.04,False,sub_sim_78649,9,8,4999.0,temporary_bank_failure,1,0.0,0,1,PAYMENT_LINK,0,0.0,24.0,15.0,1.0,-115.0,SYNTHETIC_TRAINING_DATA
rec_000863,95595,reliable,58952.12,0.04,False,sub_sim_95595,3,4,4999.0,temporary_bank_failure,1,0.0,0,1,RETRY,1,4999.0,1.0,5.0,0.2,4974.0,SYNTHETIC_TRAINING_DATA
rec_000864,58088,occasional,20014.59,0.15,False,sub_sim_58088,1,7,9999.0,temporary_bank_failure,1,0.0,0,1,RETRY,0,0.0,1.0,5.0,0.2,-25.0,SYNTHETIC_TRAINING_DATA
rec_000865,66392,reliable,56425.23,0.04,False,sub_sim_66392,7,3,4999.0,temporary_bank_failure,1,0.0,0,1,REQUEST_ALTERNATE_METHOD,0,0.0,36.0,20.0,1.5,-170.0,SYNTHETIC_TRAINING_DATA
rec_000866,47068,reliable,65327.76,0.04,False,sub_sim_47068,3,7,9999.0,temporary_bank_failure,1,0.0,0,0,RETRY,0,0.0,1.0,5.0,0.2,-25.0,SYNTHETIC_TRAINING_DATA
rec_000867,67667,reliable,94065.4,0.04,False,sub_sim_67667,8,5,2499.0,insufficient_funds,1,0.0,0,0,RETRY,0,0.0,1.0,5.0,0.2,-75.0,SYNTHETIC_TRAINING_DATA
rec_000868,5370,reliable,52633.58,0.04,False,sub_sim_5370,6,10,24999.0,network_error,1,0.0,0,0,STOP_RECOVERY,0,0.0,0.0,0.0,0.0,0.0,SYNTHETIC_TRAINING_DATA
rec_000869,85834,occasional,11499.48,0.15,False,sub_sim_85834,2,10,4999.0,insufficient_funds,1,0.0,0,1,RETRY,0,0.0,1.0,5.0,0.2,-75.0,SYNTHETIC_TRAINING_DATA
rec_000870,73264,reliable,62648.47,0.04,False,sub_sim_73264,5,4,9999.0,insufficient_funds,1,0.0,0,1,RETRY,0,0.0,1.0,5.0,0.2,-75.0,SYNTHETIC_TRAINING_DATA
rec_000871,53666,reliable,32864.63,0.04,False,sub_sim_53666,6,6,24999.0,network_error,1,0.0,0,0,PAYMENT_LINK,0,0.0,24.0,15.0,1.0,-115.0,SYNTHETIC_TRAINING_DATA
rec_000872,19211,reliable,23884.35,0.04,False,sub_sim_19211,8,4,24999.0,network_error,1,0.0,0,0,WAIT,0,0.0,24.0,0.0,0.0,0.0,SYNTHETIC_TRAINING_DATA
rec_000873,85119,reliable,49219.86,0.04,False,sub_sim_85119,5,5,2499.0,insufficient_funds,1,0.0,0,1,PAYMENT_LINK,0,0.0,24.0,15.0,1.0,-115.0,SYNTHETIC_TRAINING_DATA
rec_000874,87365,reliable,70726.55,0.04,False,sub_sim_87365,4,7,9999.0,temporary_bank_failure,1,0.0,0,0,WAIT,0,0.0,6.0,0.0,0.0,0.0,SYNTHETIC_TRAINING_DATA
rec_000875,82930,reliable,82728.22,0.04,False,sub_sim_82930,9,9,999.0,temporary_bank_failure,1,0.0,0,0,RETRY,0,0.0,1.0,5.0,0.2,-25.0,SYNTHETIC_TRAINING_DATA
rec_000876,91557,reliable,41779.14,0.04,False,sub_sim_91557,5,4,999.0,temporary_bank_failure,1,0.0,0,0,WAIT,0,0.0,6.0,0.0,0.0,0.0,SYNTHETIC_TRAINING_DATA
rec_000877,75391,reliable,83051.06,0.04,False,sub_sim_75391,5,10,59999.0,network_error,1,0.0,0,0,ESCALATE_TO_HUMAN,1,59999.0,48.0,150.0,0.8,59769.0,SYNTHETIC_TRAINING_DATA
rec_000878,39456,occasional,31872.9,0.15,False,sub_sim_39456,3,3,4999.0,insufficient_funds,1,0.0,0,0,PAYMENT_LINK,0,0.0,24.0,15.0,1.0,-115.0,SYNTHETIC_TRAINING_DATA
rec_000879,55118,reliable,59508.79,0.04,False,sub_sim_55118,8,3,2499.0,network_error,1,0.0,0,1,PAYMENT_LINK,0,0.0,24.0,15.0,1.0,-115.0,SYNTHETIC_TRAINING_DATA
rec_000880,25209,reliable,35484.49,0.04,False,sub_sim_25209,1,3,999.0,invalid_payment_method,1,0.0,0,0,REQUEST_ALTERNATE_METHOD,1,999.0,36.0,20.0,1.5,829.0,SYNTHETIC_TRAINING_DATA
rec_000881,93916,reliable,54820.7,0.04,False,sub_sim_93916,5,3,9999.0,temporary_bank_failure,1,0.0,0,1,RETRY,1,9999.0,1.0,5.0,0.2,9974.0,SYNTHETIC_TRAINING_DATA
rec_000882,75970,occasional,28893.33,0.15,False,sub_sim_75970,3,7,59999.0,card_expired,1,0.0,0,1,PAYMENT_LINK,1,59999.0,24.0,15.0,1.0,59884.0,SYNTHETIC_TRAINING_DATA
rec_000883,71780,reliable,21917.92,0.04,False,sub_sim_71780,8,5,2499.0,temporary_bank_failure,1,0.0,0,0,WAIT,0,0.0,6.0,0.0,0.0,0.0,SYNTHETIC_TRAINING_DATA
rec_000884,33454,reliable,99569.45,0.04,False,sub_sim_33454,3,10,999.0,insufficient_funds,1,0.0,0,0,PAYMENT_LINK,1,999.0,24.0,15.0,1.0,884.0,SYNTHETIC_TRAINING_DATA
rec_000885,71518,reliable,23469.19,0.04,False,sub_sim_71518,2,4,24999.0,temporary_bank_failure,1,0.0,0,1,RETRY,0,0.0,1.0,5.0,0.2,-25.0,SYNTHETIC_TRAINING_DATA
rec_000886,64494,reliable,44035.3,0.04,False,sub_sim_64494,2,6,999.0,temporary_bank_failure,1,0.0,0,0,RETRY,0,0.0,1.0,5.0,0.2,-25.0,SYNTHETIC_TRAINING_DATA
rec_000887,9785,reliable,28163.21,0.04,False,sub_sim_9785,9,9,2499.0,insufficient_funds,1,0.0,0,1,RETRY,0,0.0,1.0,5.0,0.2,-75.0,SYNTHETIC_TRAINING_DATA
rec_000888,30641,reliable,81418.88,0.04,False,sub_sim_30641,2,2,999.0,network_error,1,0.0,0,1,RETRY,0,0.0,1.0,5.0,0.2,-25.0,SYNTHETIC_TRAINING_DATA
rec_000889,13406,occasional,17088.48,0.15,False,sub_sim_13406,9,6,4999.0,insufficient_funds,1,0.0,0,0,PAYMENT_LINK,1,4999.0,24.0,15.0,1.0,4884.0,SYNTHETIC_TRAINING_DATA
rec_000890,82371,reliable,65406.27,0.04,False,sub_sim_82371,6,4,999.0,insufficient_funds,1,0.0,0,0,RETRY,0,0.0,1.0,5.0,0.2,-75.0,SYNTHETIC_TRAINING_DATA
rec_000891,21591,reliable,57778.6,0.04,False,sub_sim_21591,8,6,4999.0,temporary_bank_failure,1,0.0,0,0,STOP_RECOVERY,0,0.0,0.0,0.0,0.0,0.0,SYNTHETIC_TRAINING_DATA
rec_000892,73643,reliable,45178.31,0.04,False,sub_sim_73643,8,10,59999.0,temporary_bank_failure,1,0.0,0,0,RETRY,0,0.0,1.0,5.0,0.2,-25.0,SYNTHETIC_TRAINING_DATA
rec_000893,66502,occasional,46440.0,0.15,False,sub_sim_66502,4,5,2499.0,insufficient_funds,1,0.0,0,1,PAYMENT_LINK,1,2499.0,24.0,15.0,1.0,2384.0,SYNTHETIC_TRAINING_DATA
rec_000894,95318,reliable,42524.42,0.04,False,sub_sim_95318,5,8,9999.0,insufficient_funds,1,0.0,0,0,PAYMENT_LINK,1,9999.0,24.0,15.0,1.0,9884.0,SYNTHETIC_TRAINING_DATA
rec_000895,77527,occasional,47255.27,0.15,False,sub_sim_77527,6,6,2499.0,insufficient_funds,1,0.0,0,0,SEND_REMINDER,0,0.0,12.0,10.0,1.2,-130.0,SYNTHETIC_TRAINING_DATA
rec_000896,69004,reliable,79303.93,0.04,False,sub_sim_69004,6,6,4999.0,invalid_payment_method,1,0.0,0,0,REQUEST_ALTERNATE_METHOD,1,4999.0,36.0,20.0,1.5,4829.0,SYNTHETIC_TRAINING_DATA
rec_000897,23569,reliable,90833.52,0.04,False,sub_sim_23569,7,8,59999.0,card_expired,1,0.0,0,0,RETRY,0,0.0,1.0,5.0,0.2,-75.0,SYNTHETIC_TRAINING_DATA
rec_000898,9039,occasional,44222.98,0.15,False,sub_sim_9039,2,2,2499.0,insufficient_funds,1,0.0,0,0,PAYMENT_LINK,1,2499.0,24.0,15.0,1.0,2384.0,SYNTHETIC_TRAINING_DATA
rec_000899,64760,reliable,78693.32,0.04,False,sub_sim_64760,5,6,4999.0,card_expired,1,0.0,0,1,REQUEST_ALTERNATE_METHOD,0,0.0,36.0,20.0,1.5,-170.0,SYNTHETIC_TRAINING_DATA
rec_000900,18487,high_risk,19830.72,0.35,False,sub_sim_18487,5,7,9999.0,insufficient_funds,1,0.0,0,0,PAYMENT_LINK,0,0.0,24.0,15.0,1.0,-115.0,SYNTHETIC_TRAINING_DATA
rec_000901,92403,reliable,71563.41,0.04,False,sub_sim_92403,2,8,24999.0,network_error,1,0.0,0,1,RETRY,0,0.0,1.0,5.0,0.2,-25.0,SYNTHETIC_TRAINING_DATA
rec_000902,66946,reliable,71347.57,0.04,False,sub_sim_66946,2,8,4999.0,temporary_bank_failure,1,0.0,0,0,RETRY,1,4999.0,1.0,5.0,0.2,4974.0,SYNTHETIC_TRAINING_DATA
rec_000903,32952,reliable,72893.11,0.04,False,sub_sim_32952,9,3,999.0,insufficient_funds,1,0.0,0,0,WAIT,0,0.0,24.0,0.0,0.0,0.0,SYNTHETIC_TRAINING_DATA
rec_000904,79302,reliable,28777.21,0.04,False,sub_sim_79302,2,2,59999.0,temporary_bank_failure,1,0.0,0,0,SEND_REMINDER,0,0.0,12.0,10.0,1.2,-130.0,SYNTHETIC_TRAINING_DATA
rec_000905,53438,occasional,12240.73,0.15,False,sub_sim_53438,1,8,9999.0,temporary_bank_failure,1,0.0,0,0,RETRY,0,0.0,1.0,5.0,0.2,-25.0,SYNTHETIC_TRAINING_DATA
rec_000906,1428,reliable,76343.2,0.04,False,sub_sim_1428,6,2,2499.0,temporary_bank_failure,1,0.0,0,0,RETRY,1,2499.0,1.0,5.0,0.2,2474.0,SYNTHETIC_TRAINING_DATA
rec_000907,65190,reliable,26818.85,0.04,False,sub_sim_65190,4,3,999.0,insufficient_funds,1,0.0,0,0,SEND_REMINDER,0,0.0,12.0,10.0,1.2,-130.0,SYNTHETIC_TRAINING_DATA
rec_000908,36483,reliable,56573.9,0.04,False,sub_sim_36483,4,6,999.0,insufficient_funds,1,0.0,0,0,RETRY,1,999.0,1.0,5.0,0.2,974.0,SYNTHETIC_TRAINING_DATA
rec_000909,86961,reliable,54635.29,0.04,False,sub_sim_86961,4,9,9999.0,insufficient_funds,1,0.0,0,1,SEND_REMINDER,0,0.0,12.0,10.0,1.2,-130.0,SYNTHETIC_TRAINING_DATA
rec_000910,83192,reliable,99117.98,0.04,False,sub_sim_83192,8,4,999.0,temporary_bank_failure,1,0.0,0,0,RETRY,0,0.0,1.0,5.0,0.2,-25.0,SYNTHETIC_TRAINING_DATA
rec_000911,52962,reliable,66146.61,0.04,False,sub_sim_52962,1,10,2499.0,temporary_bank_failure,1,0.0,0,0,RETRY,1,2499.0,1.0,5.0,0.2,2474.0,SYNTHETIC_TRAINING_DATA
rec_000912,83912,reliable,74043.16,0.04,False,sub_sim_83912,6,8,9999.0,invalid_payment_method,1,0.0,0,0,ESCALATE_TO_HUMAN,0,0.0,48.0,150.0,0.8,-230.0,SYNTHETIC_TRAINING_DATA
rec_000913,89094,occasional,49022.86,0.15,False,sub_sim_89094,9,9,4999.0,card_expired,1,0.0,0,0,REQUEST_ALTERNATE_METHOD,1,4999.0,36.0,20.0,1.5,4829.0,SYNTHETIC_TRAINING_DATA
rec_000914,5194,reliable,60008.46,0.04,False,sub_sim_5194,6,2,2499.0,temporary_bank_failure,1,0.0,0,0,RETRY,0,0.0,1.0,5.0,0.2,-25.0,SYNTHETIC_TRAINING_DATA
rec_000915,45759,high_risk,9087.42,0.35,False,sub_sim_45759,5,7,2499.0,invalid_payment_method,1,0.0,0,0,REQUEST_ALTERNATE_METHOD,0,0.0,36.0,20.0,1.5,-170.0,SYNTHETIC_TRAINING_DATA
rec_000916,61055,reliable,91771.86,0.04,False,sub_sim_61055,2,10,24999.0,temporary_bank_failure,1,0.0,0,1,STOP_RECOVERY,0,0.0,0.0,0.0,0.0,0.0,SYNTHETIC_TRAINING_DATA
rec_000917,36446,occasional,30325.46,0.15,False,sub_sim_36446,2,7,2499.0,invalid_payment_method,1,0.0,0,0,REQUEST_ALTERNATE_METHOD,1,2499.0,36.0,20.0,1.5,2329.0,SYNTHETIC_TRAINING_DATA
rec_000918,28886,occasional,29179.2,0.15,False,sub_sim_28886,7,10,59999.0,temporary_bank_failure,1,0.0,0,1,RETRY,0,0.0,1.0,5.0,0.2,-25.0,SYNTHETIC_TRAINING_DATA
rec_000919,39914,high_risk,22148.89,0.35,False,sub_sim_39914,1,7,2499.0,card_expired,1,0.0,0,0,REQUEST_ALTERNATE_METHOD,1,2499.0,36.0,20.0,1.5,2329.0,SYNTHETIC_TRAINING_DATA
rec_000920,16819,reliable,35954.8,0.04,False,sub_sim_16819,2,7,59999.0,network_error,1,0.0,0,1,ESCALATE_TO_HUMAN,1,59999.0,48.0,150.0,0.8,59769.0,SYNTHETIC_TRAINING_DATA
rec_000921,24189,reliable,37583.33,0.04,False,sub_sim_24189,4,4,2499.0,authentication_failed,1,0.0,0,0,RETRY,0,0.0,1.0,5.0,0.2,-75.0,SYNTHETIC_TRAINING_DATA
rec_000922,12107,high_risk,24533.69,0.35,False,sub_sim_12107,2,6,2499.0,network_error,1,0.0,0,1,RETRY,1,2499.0,1.0,5.0,0.2,2474.0,SYNTHETIC_TRAINING_DATA
rec_000923,27867,reliable,23425.57,0.04,False,sub_sim_27867,4,8,999.0,insufficient_funds,1,0.0,0,1,PAYMENT_LINK,0,0.0,24.0,15.0,1.0,-115.0,SYNTHETIC_TRAINING_DATA
rec_000924,53812,reliable,56625.27,0.04,False,sub_sim_53812,4,5,999.0,card_expired,1,0.0,0,0,REQUEST_ALTERNATE_METHOD,1,999.0,36.0,20.0,1.5,829.0,SYNTHETIC_TRAINING_DATA
rec_000925,78411,reliable,34011.74,0.04,False,sub_sim_78411,5,2,999.0,insufficient_funds,1,0.0,0,0,SEND_REMINDER,1,999.0,12.0,10.0,1.2,869.0,SYNTHETIC_TRAINING_DATA
rec_000926,22031,reliable,31819.14,0.04,False,sub_sim_22031,5,5,24999.0,insufficient_funds,1,0.0,0,0,PAYMENT_LINK,1,24999.0,24.0,15.0,1.0,24884.0,SYNTHETIC_TRAINING_DATA
rec_000927,40950,occasional,28472.2,0.15,False,sub_sim_40950,5,6,4999.0,insufficient_funds,1,0.0,0,0,SEND_REMINDER,1,4999.0,12.0,10.0,1.2,4869.0,SYNTHETIC_TRAINING_DATA
rec_000928,32961,reliable,47589.83,0.04,False,sub_sim_32961,5,3,9999.0,temporary_bank_failure,1,0.0,0,0,RETRY,0,0.0,1.0,5.0,0.2,-25.0,SYNTHETIC_TRAINING_DATA
rec_000929,42776,reliable,23039.12,0.04,False,sub_sim_42776,3,7,24999.0,temporary_bank_failure,1,0.0,0,0,ESCALATE_TO_HUMAN,1,24999.0,48.0,150.0,0.8,24769.0,SYNTHETIC_TRAINING_DATA
rec_000930,22132,reliable,65395.18,0.04,False,sub_sim_22132,6,2,999.0,insufficient_funds,1,0.0,0,1,SEND_REMINDER,0,0.0,12.0,10.0,1.2,-130.0,SYNTHETIC_TRAINING_DATA
rec_000931,18386,occasional,38840.18,0.15,False,sub_sim_18386,8,3,4999.0,network_error,1,0.0,0,0,RETRY,1,4999.0,1.0,5.0,0.2,4974.0,SYNTHETIC_TRAINING_DATA
rec_000932,27827,reliable,64263.12,0.04,False,sub_sim_27827,7,9,24999.0,insufficient_funds,1,0.0,0,1,PAYMENT_LINK,1,24999.0,24.0,15.0,1.0,24884.0,SYNTHETIC_TRAINING_DATA
rec_000933,62986,reliable,86855.55,0.04,False,sub_sim_62986,7,6,2499.0,insufficient_funds,1,0.0,0,0,PAYMENT_LINK,0,0.0,24.0,15.0,1.0,-115.0,SYNTHETIC_TRAINING_DATA
rec_000934,84931,occasional,29605.38,0.15,False,sub_sim_84931,4,6,9999.0,temporary_bank_failure,1,0.0,0,0,RETRY,0,0.0,1.0,5.0,0.2,-25.0,SYNTHETIC_TRAINING_DATA
rec_000935,19272,reliable,86660.22,0.04,False,sub_sim_19272,4,10,9999.0,insufficient_funds,1,0.0,0,1,PAYMENT_LINK,1,9999.0,24.0,15.0,1.0,9884.0,SYNTHETIC_TRAINING_DATA
rec_000936,82194,occasional,26298.68,0.15,False,sub_sim_82194,8,9,2499.0,insufficient_funds,1,0.0,0,0,RETRY,0,0.0,1.0,5.0,0.2,-75.0,SYNTHETIC_TRAINING_DATA
rec_000937,21745,occasional,38594.77,0.15,False,sub_sim_21745,4,5,24999.0,insufficient_funds,1,0.0,0,0,PAYMENT_LINK,1,24999.0,24.0,15.0,1.0,24884.0,SYNTHETIC_TRAINING_DATA
rec_000938,85582,reliable,46873.3,0.04,False,sub_sim_85582,6,6,999.0,temporary_bank_failure,1,0.0,0,0,RETRY,0,0.0,1.0,5.0,0.2,-25.0,SYNTHETIC_TRAINING_DATA
rec_000939,31414,reliable,95176.69,0.04,False,sub_sim_31414,5,5,59999.0,card_expired,1,0.0,0,0,REQUEST_ALTERNATE_METHOD,1,59999.0,36.0,20.0,1.5,59829.0,SYNTHETIC_TRAINING_DATA
rec_000940,53742,reliable,62857.96,0.04,False,sub_sim_53742,3,3,999.0,temporary_bank_failure,1,0.0,0,0,RETRY,0,0.0,1.0,5.0,0.2,-25.0,SYNTHETIC_TRAINING_DATA
rec_000941,66540,reliable,96898.08,0.04,False,sub_sim_66540,4,9,9999.0,temporary_bank_failure,1,0.0,0,0,RETRY,1,9999.0,1.0,5.0,0.2,9974.0,SYNTHETIC_TRAINING_DATA
rec_000942,36155,reliable,50629.7,0.04,False,sub_sim_36155,4,2,59999.0,invalid_payment_method,1,0.0,0,0,ESCALATE_TO_HUMAN,1,59999.0,48.0,150.0,0.8,59769.0,SYNTHETIC_TRAINING_DATA
rec_000943,25448,reliable,65466.63,0.04,False,sub_sim_25448,4,4,24999.0,insufficient_funds,1,0.0,0,1,PAYMENT_LINK,1,24999.0,24.0,15.0,1.0,24884.0,SYNTHETIC_TRAINING_DATA
rec_000944,66472,reliable,41049.76,0.04,False,sub_sim_66472,2,6,9999.0,invalid_payment_method,1,0.0,0,0,REQUEST_ALTERNATE_METHOD,1,9999.0,36.0,20.0,1.5,9829.0,SYNTHETIC_TRAINING_DATA
rec_000945,54326,reliable,64543.68,0.04,False,sub_sim_54326,1,8,59999.0,insufficient_funds,1,0.0,0,1,PAYMENT_LINK,1,59999.0,24.0,15.0,1.0,59884.0,SYNTHETIC_TRAINING_DATA
rec_000946,15552,occasional,35164.26,0.15,False,sub_sim_15552,3,2,24999.0,temporary_bank_failure,1,0.0,0,0,RETRY,0,0.0,1.0,5.0,0.2,-25.0,SYNTHETIC_TRAINING_DATA
rec_000947,2980,occasional,43701.69,0.15,False,sub_sim_2980,6,4,9999.0,insufficient_funds,1,0.0,0,0,REQUEST_ALTERNATE_METHOD,0,0.0,36.0,20.0,1.5,-170.0,SYNTHETIC_TRAINING_DATA
rec_000948,81174,reliable,31246.53,0.04,False,sub_sim_81174,8,2,999.0,temporary_bank_failure,1,0.0,0,0,RETRY,0,0.0,1.0,5.0,0.2,-25.0,SYNTHETIC_TRAINING_DATA
rec_000949,94142,reliable,21350.9,0.04,False,sub_sim_94142,5,3,999.0,authentication_failed,1,0.0,0,1,RETRY,0,0.0,1.0,5.0,0.2,-75.0,SYNTHETIC_TRAINING_DATA
rec_000950,50824,occasional,33165.02,0.15,False,sub_sim_50824,9,6,999.0,invalid_payment_method,1,0.0,0,0,SEND_REMINDER,0,0.0,12.0,10.0,1.2,-130.0,SYNTHETIC_TRAINING_DATA
rec_000951,3227,reliable,90368.76,0.04,False,sub_sim_3227,8,3,9999.0,card_expired,1,0.0,0,1,SEND_REMINDER,0,0.0,12.0,10.0,1.2,-130.0,SYNTHETIC_TRAINING_DATA
rec_000952,59813,reliable,32160.84,0.04,False,sub_sim_59813,9,8,9999.0,invalid_payment_method,1,0.0,0,0,PAYMENT_LINK,1,9999.0,24.0,15.0,1.0,9884.0,SYNTHETIC_TRAINING_DATA
rec_000953,94415,reliable,34397.36,0.04,False,sub_sim_94415,5,4,24999.0,insufficient_funds,1,0.0,0,0,PAYMENT_LINK,1,24999.0,24.0,15.0,1.0,24884.0,SYNTHETIC_TRAINING_DATA
rec_000954,82617,reliable,52675.06,0.04,False,sub_sim_82617,9,8,4999.0,temporary_bank_failure,1,0.0,0,0,RETRY,0,0.0,1.0,5.0,0.2,-25.0,SYNTHETIC_TRAINING_DATA
rec_000955,75783,reliable,36196.09,0.04,False,sub_sim_75783,3,10,59999.0,temporary_bank_failure,1,0.0,0,0,RETRY,0,0.0,1.0,5.0,0.2,-25.0,SYNTHETIC_TRAINING_DATA
rec_000956,76493,occasional,48096.3,0.15,False,sub_sim_76493,2,6,4999.0,network_error,1,0.0,0,0,REQUEST_ALTERNATE_METHOD,0,0.0,36.0,20.0,1.5,-170.0,SYNTHETIC_TRAINING_DATA
rec_000957,68384,reliable,64950.18,0.04,False,sub_sim_68384,3,7,999.0,network_error,1,0.0,0,0,PAYMENT_LINK,0,0.0,24.0,15.0,1.0,-115.0,SYNTHETIC_TRAINING_DATA
rec_000958,81574,reliable,77085.82,0.04,False,sub_sim_81574,7,3,999.0,network_error,1,0.0,0,1,PAYMENT_LINK,0,0.0,24.0,15.0,1.0,-115.0,SYNTHETIC_TRAINING_DATA
rec_000959,21168,reliable,57675.34,0.04,False,sub_sim_21168,2,6,2499.0,temporary_bank_failure,1,0.0,0,0,RETRY,0,0.0,1.0,5.0,0.2,-25.0,SYNTHETIC_TRAINING_DATA
rec_000960,90435,reliable,35015.17,0.04,False,sub_sim_90435,8,3,24999.0,temporary_bank_failure,1,0.0,0,0,SEND_REMINDER,1,24999.0,12.0,10.0,1.2,24869.0,SYNTHETIC_TRAINING_DATA
rec_000961,60872,reliable,79808.99,0.04,False,sub_sim_60872,4,8,9999.0,insufficient_funds,1,0.0,0,1,SEND_REMINDER,1,9999.0,12.0,10.0,1.2,9869.0,SYNTHETIC_TRAINING_DATA
rec_000962,30383,reliable,59574.35,0.04,False,sub_sim_30383,6,9,59999.0,invalid_payment_method,1,0.0,0,0,REQUEST_ALTERNATE_METHOD,1,59999.0,36.0,20.0,1.5,59829.0,SYNTHETIC_TRAINING_DATA
rec_000963,72976,reliable,31078.19,0.04,False,sub_sim_72976,4,5,24999.0,invalid_payment_method,1,0.0,0,1,REQUEST_ALTERNATE_METHOD,1,24999.0,36.0,20.0,1.5,24829.0,SYNTHETIC_TRAINING_DATA
rec_000964,43645,high_risk,10745.68,0.35,False,sub_sim_43645,6,9,4999.0,authentication_failed,1,0.0,0,1,PAYMENT_LINK,0,0.0,24.0,15.0,1.0,-115.0,SYNTHETIC_TRAINING_DATA
rec_000965,52154,reliable,43826.5,0.04,False,sub_sim_52154,3,7,4999.0,temporary_bank_failure,1,0.0,0,0,RETRY,0,0.0,1.0,5.0,0.2,-25.0,SYNTHETIC_TRAINING_DATA
rec_000966,6360,occasional,35717.14,0.15,False,sub_sim_6360,2,5,999.0,network_error,1,0.0,0,0,WAIT,0,0.0,24.0,0.0,0.0,0.0,SYNTHETIC_TRAINING_DATA
rec_000967,36212,occasional,18697.31,0.15,False,sub_sim_36212,9,4,999.0,invalid_payment_method,1,0.0,0,0,RETRY,0,0.0,1.0,5.0,0.2,-75.0,SYNTHETIC_TRAINING_DATA
rec_000968,73111,reliable,23988.12,0.04,False,sub_sim_73111,3,9,9999.0,insufficient_funds,1,0.0,0,0,PAYMENT_LINK,1,9999.0,24.0,15.0,1.0,9884.0,SYNTHETIC_TRAINING_DATA
rec_000969,69540,reliable,93414.14,0.04,False,sub_sim_69540,9,9,999.0,invalid_payment_method,1,0.0,0,0,PAYMENT_LINK,1,999.0,24.0,15.0,1.0,884.0,SYNTHETIC_TRAINING_DATA
rec_000970,29348,reliable,37008.01,0.04,False,sub_sim_29348,1,4,9999.0,temporary_bank_failure,1,0.0,0,0,RETRY,0,0.0,1.0,5.0,0.2,-25.0,SYNTHETIC_TRAINING_DATA
rec_000971,74487,occasional,19537.46,0.15,False,sub_sim_74487,8,10,4999.0,insufficient_funds,1,0.0,0,0,RETRY,0,0.0,1.0,5.0,0.2,-75.0,SYNTHETIC_TRAINING_DATA
rec_000972,15233,reliable,73812.77,0.04,False,sub_sim_15233,5,7,59999.0,temporary_bank_failure,1,0.0,0,0,RETRY,0,0.0,1.0,5.0,0.2,-25.0,SYNTHETIC_TRAINING_DATA
rec_000973,59704,reliable,91837.18,0.04,False,sub_sim_59704,9,3,2499.0,temporary_bank_failure,1,0.0,0,0,WAIT,0,0.0,6.0,0.0,0.0,0.0,SYNTHETIC_TRAINING_DATA
rec_000974,56903,reliable,71304.41,0.04,False,sub_sim_56903,1,9,4999.0,temporary_bank_failure,1,0.0,0,0,RETRY,0,0.0,1.0,5.0,0.2,-25.0,SYNTHETIC_TRAINING_DATA
rec_000975,64523,reliable,48289.92,0.04,False,sub_sim_64523,6,4,2499.0,insufficient_funds,1,0.0,0,0,RETRY,0,0.0,1.0,5.0,0.2,-75.0,SYNTHETIC_TRAINING_DATA
rec_000976,98698,occasional,48903.18,0.15,False,sub_sim_98698,6,5,999.0,insufficient_funds,1,0.0,0,0,SEND_REMINDER,0,0.0,12.0,10.0,1.2,-130.0,SYNTHETIC_TRAINING_DATA
rec_000977,89339,reliable,89721.11,0.04,False,sub_sim_89339,8,10,24999.0,insufficient_funds,1,0.0,0,0,PAYMENT_LINK,1,24999.0,24.0,15.0,1.0,24884.0,SYNTHETIC_TRAINING_DATA
rec_000978,34593,reliable,57350.73,0.04,False,sub_sim_34593,8,5,9999.0,invalid_payment_method,1,0.0,0,1,REQUEST_ALTERNATE_METHOD,1,9999.0,36.0,20.0,1.5,9829.0,SYNTHETIC_TRAINING_DATA
rec_000979,85592,reliable,26055.42,0.04,False,sub_sim_85592,7,8,24999.0,insufficient_funds,1,0.0,0,0,SEND_REMINDER,0,0.0,12.0,10.0,1.2,-130.0,SYNTHETIC_TRAINING_DATA
rec_000980,18104,reliable,99317.07,0.04,False,sub_sim_18104,2,8,2499.0,card_expired,1,0.0,0,0,PAYMENT_LINK,1,2499.0,24.0,15.0,1.0,2384.0,SYNTHETIC_TRAINING_DATA
rec_000981,87527,high_risk,16796.29,0.35,False,sub_sim_87527,6,7,999.0,invalid_payment_method,1,0.0,0,0,PAYMENT_LINK,1,999.0,24.0,15.0,1.0,884.0,SYNTHETIC_TRAINING_DATA
rec_000982,26960,high_risk,23192.04,0.35,False,sub_sim_26960,7,2,4999.0,temporary_bank_failure,1,0.0,0,1,RETRY,0,0.0,1.0,5.0,0.2,-25.0,SYNTHETIC_TRAINING_DATA
rec_000983,56382,reliable,49624.95,0.04,False,sub_sim_56382,8,5,24999.0,temporary_bank_failure,1,0.0,0,0,RETRY,0,0.0,1.0,5.0,0.2,-25.0,SYNTHETIC_TRAINING_DATA
rec_000984,73893,reliable,32971.6,0.04,False,sub_sim_73893,3,6,9999.0,insufficient_funds,1,0.0,0,0,SEND_REMINDER,1,9999.0,12.0,10.0,1.2,9869.0,SYNTHETIC_TRAINING_DATA
rec_000985,62388,reliable,35565.61,0.04,False,sub_sim_62388,1,10,24999.0,insufficient_funds,1,0.0,0,0,SEND_REMINDER,1,24999.0,12.0,10.0,1.2,24869.0,SYNTHETIC_TRAINING_DATA
rec_000986,62119,reliable,65212.96,0.04,False,sub_sim_62119,8,10,999.0,authentication_failed,1,0.0,0,0,PAYMENT_LINK,1,999.0,24.0,15.0,1.0,884.0,SYNTHETIC_TRAINING_DATA
rec_000987,58671,reliable,74024.97,0.04,False,sub_sim_58671,2,3,4999.0,insufficient_funds,1,0.0,0,0,RETRY,0,0.0,1.0,5.0,0.2,-75.0,SYNTHETIC_TRAINING_DATA
rec_000988,56067,occasional,11967.86,0.15,False,sub_sim_56067,2,9,59999.0,insufficient_funds,1,0.0,0,0,RETRY,0,0.0,1.0,5.0,0.2,-75.0,SYNTHETIC_TRAINING_DATA
rec_000989,37665,reliable,85025.53,0.04,False,sub_sim_37665,6,8,999.0,insufficient_funds,1,0.0,0,0,RETRY,1,999.0,1.0,5.0,0.2,974.0,SYNTHETIC_TRAINING_DATA
rec_000990,89717,high_risk,18243.09,0.35,False,sub_sim_89717,7,10,24999.0,invalid_payment_method,1,0.0,0,1,SEND_REMINDER,0,0.0,12.0,10.0,1.2,-130.0,SYNTHETIC_TRAINING_DATA
rec_000991,43268,reliable,99719.33,0.04,False,sub_sim_43268,7,2,9999.0,temporary_bank_failure,1,0.0,0,1,SEND_REMINDER,0,0.0,12.0,10.0,1.2,-130.0,SYNTHETIC_TRAINING_DATA
rec_000992,60200,occasional,46826.47,0.15,False,sub_sim_60200,6,2,999.0,network_error,1,0.0,0,0,RETRY,0,0.0,1.0,5.0,0.2,-25.0,SYNTHETIC_TRAINING_DATA
rec_000993,60948,reliable,26206.09,0.04,False,sub_sim_60948,9,4,59999.0,temporary_bank_failure,1,0.0,0,1,RETRY,1,59999.0,1.0,5.0,0.2,59974.0,SYNTHETIC_TRAINING_DATA
rec_000994,20506,reliable,83151.71,0.04,False,sub_sim_20506,9,6,4999.0,temporary_bank_failure,1,0.0,0,0,RETRY,0,0.0,1.0,5.0,0.2,-25.0,SYNTHETIC_TRAINING_DATA
rec_000995,38148,occasional,29867.36,0.15,False,sub_sim_38148,1,10,2499.0,temporary_bank_failure,1,0.0,0,1,PAYMENT_LINK,0,0.0,24.0,15.0,1.0,-115.0,SYNTHETIC_TRAINING_DATA
rec_000996,40247,reliable,68722.46,0.04,False,sub_sim_40247,5,3,4999.0,invalid_payment_method,1,0.0,0,0,RETRY,0,0.0,1.0,5.0,0.2,-75.0,SYNTHETIC_TRAINING_DATA
rec_000997,45239,reliable,51498.26,0.04,False,sub_sim_45239,4,10,9999.0,insufficient_funds,1,0.0,0,0,PAYMENT_LINK,0,0.0,24.0,15.0,1.0,-115.0,SYNTHETIC_TRAINING_DATA
rec_000998,52475,reliable,64311.55,0.04,False,sub_sim_52475,7,6,2499.0,network_error,1,0.0,0,0,WAIT,0,0.0,24.0,0.0,0.0,0.0,SYNTHETIC_TRAINING_DATA
rec_000999,31121,occasional,38466.53,0.15,False,sub_sim_31121,7,8,999.0,invalid_payment_method,1,0.0,0,0,PAYMENT_LINK,1,999.0,24.0,15.0,1.0,884.0,SYNTHETIC_TRAINING_DATA
rec_001000,88235,reliable,90708.42,0.04,False,sub_sim_88235,4,4,4999.0,insufficient_funds,1,0.0,0,0,RETRY,0,0.0,1.0,5.0,0.2,-75.0,SYNTHETIC_TRAINING_DATA
